"area_name","group_series_name"
Hong Kong,Fullmetal Alchemist Brotherhood
Hong Kong,BOF Trailer
Hong Kong,Garo The Animation 2
Hong Kong,Weightlifting Fairy Kim Bok Joo
Hong Kong,Shadow of Justice (Mandarin version)
Hong Kong,Trailer: Police Tactical Unit (HK)
Hong Kong,Tralier: Fated To Love You(Thai)
Hong Kong,Ossan’s Love (Cantonese)
Hong Kong,Holmes of Kyoto
Hong Kong,Around world 800 days
Hong Kong,Midnight Dinner
Hong Kong,Trailer: Encounter (HK)
Hong Kong,Trailer: Legal V
Hong Kong,Wild Romance
Hong Kong,National Husband (2018)
Hong Kong,Trailer: Whisper
Hong Kong,Mama Fairy and the Woodcutter
Hong Kong,Trailer: Two Cops (HK)
Hong Kong,Trailer: The Privileged
Hong Kong,Trailer: The Morose Mononokean S2
Hong Kong,Trailer: The Third Charm
Hong Kong,tutorial
Hong Kong,Trailer ：100 Days My Prince
Hong Kong,Trailer: KBS Drama Awards 2016
Hong Kong,Melody of Love
Hong Kong,Radiant Office
Hong Kong,Real Men 300 (2018)
Hong Kong,Madame Antoine
Hong Kong,I Live Alone (2017)
Hong Kong,Death Note
Hong Kong,Food Wars! Shokugeki no Soma
Hong Kong,My Little Television (2015)
Hong Kong,Trailer: I Am Not a Robot (PH)
Hong Kong,Circle
Hong Kong,Trailer: Voice 3 (HK)
Hong Kong,lovey dovey
Hong Kong,Trailer: Thirty but Seventeen (HK)
Hong Kong,Hello K-Idol Special and Behind the Scenes
Hong Kong,Trailer: CRISIS - Special Security Squad
Hong Kong,Missing9 Special
Hong Kong,Trailer: Luxe Asia (HK)
Hong Kong,Partners for Justice
Hong Kong,The Man From Future
Hong Kong,Queen for Seven Days (Cantonese)
Hong Kong,S.D.B N P A S D B
Hong Kong,Listen to Love
Hong Kong,The amazing Magicians
Hong Kong,Trailer: Haechi
Hong Kong,Trailer: A Poem A Day
Hong Kong,Rewrite
Hong Kong,It's Dangerous Beyond The Blankets (2017)
Hong Kong,Trailer: Children of Nobody (HK)
Hong Kong,Press Con: Comes Morning
Hong Kong,Trailer: For You in All Blossom
Hong Kong,K1_Features
Hong Kong,Suits (Korea)
Hong Kong,Less than Evil
Hong Kong,Dragon Ball Super
Hong Kong,The Three Musketeers S1
Hong Kong,Show! Music Core (2015)
Hong Kong,Trailer: Ossan’s Love
Hong Kong,The Liar & His Lover
Hong Kong,SPECIALIST
Hong Kong,Academy of Detectives
Hong Kong,A Witch's Love
Hong Kong,NANBAKA
Hong Kong,Trailer: Rude Miss Young Ae Season 16
Hong Kong,Fruits Delivery Service
Hong Kong,Trailer: Natsuko Kira
Hong Kong,Trailer: The Rap of China 2019
Hong Kong,"2018 MBC Idol Star Athletics Championships"
Hong Kong,Trailer: My Absolute Boyfriend (PH)
Hong Kong,Trailer: That Time I Got Reincarnated as a Slime
Hong Kong,MPD NASHIGOREN SECTION
Hong Kong,Trailer: He is Psychometric (HK)
Hong Kong,Trailer: The Habitation
Hong Kong,Trailer ：Ms. Hammurabi
Hong Kong,Trailer: Trap
Hong Kong,Trailer: My ID is Gangnam Beauty
Hong Kong,Trailer: Full House 2
Hong Kong,Trailer: At Eighteen (PH)
Hong Kong,I live alone (2016)
Hong Kong,Erased
Hong Kong,Make me Viral
Hong Kong,Code Geass
Hong Kong,Watcher
Hong Kong,Ushio and Tora(Season 2)
Hong Kong,King of the Mask Singer (2015)
Hong Kong,Shanghai Fashion Week A/W 2019
Hong Kong,Possessed
Hong Kong,Trailer: Criminal Minds : Korea (HK)
Hong Kong,Black Knight - The Man Who Guards Me (Cantonese)
Hong Kong,Rock Love Story
Hong Kong,Trailer: Angel's Last Mission - Love
Hong Kong,My Little Television (2017)
Hong Kong,Trailer: Wok of Love
Hong Kong,Detective vs Detectives
Hong Kong,SIGN (2019 J-Drama)
Hong Kong,Trailer: Food Wars! The Second Plate
Hong Kong,Trailer: MBC Music Festival (2018)
Hong Kong,Trailer: My Girl (HK)
Hong Kong,Trailer: MBC Entertainment Awards (2017)
Hong Kong,Trailer: Monster
Hong Kong,K1_Dispatch Exclusive
Hong Kong,Radio Star (2016)
Hong Kong,Princess Agents
Hong Kong,Knock Out Girl (Viu Originals)
Hong Kong,Run with the Wind
Hong Kong,Cyborg Mom
Hong Kong,"Trailer: Bring it on, Ghost (HK)"
Hong Kong,The Public Enemy
Hong Kong,Just Married (2015)
Hong Kong,Colorful World
Hong Kong,"Winter, Grasping Love"
Hong Kong,Trailer: Stranger from Hell (PH)
Hong Kong,Trailer: Holmes of Kyoto
Hong Kong,Trailer: MAMA
Hong Kong,Creaking Heroes (2018)
Hong Kong,Trailer: I TURN
Hong Kong,Trailer: Queen (HK)
Hong Kong,"My Lawyer, Mr. Joe"
Hong Kong,Love in the Moonlight
Hong Kong,Kimi wa Pet
Hong Kong,Star April
Hong Kong,Jamie's 15 minute meal
Hong Kong,The Idle Mermaid
Hong Kong,Ushio and Tora(Season 1)
Hong Kong,School 2017
Hong Kong,The Crowned Clown
Hong Kong,KZL (Viu Originals)
Hong Kong,Trailer: Pure Intention
Hong Kong,Hello My Twenties! 2
Hong Kong,Trailer: Street Dance of China Season 2
Hong Kong,Trailer: Duet Song Festival
Hong Kong,The Town: The Uninvited
Hong Kong,Doctor Prisoner
Hong Kong,March Comes in like a Lion
Hong Kong,Travelzoo: Australia
Hong Kong,Show! Music Core (2018)
Hong Kong,My Shy Boss: The Beginning
Hong Kong,Trailer: Hello My Twenties!
Hong Kong,Flying Witch
Hong Kong,Trailer: Border the urge
Hong Kong,Trailer: What and what cool summer
Hong Kong,Making-of: Shadow of Justice
Hong Kong,Love in the Moonlight (Cantonese)
Hong Kong,Trailer: The Single Teacher Miss Hayako
Hong Kong,Love History of girl
Hong Kong,MBC Entertainment Awards (2018)
Hong Kong,Trailer: Tokyo Bachelors
Hong Kong,Trailer: Divine Gate
Hong Kong,Trailer: 20-30 Dictionary
Hong Kong,Terius Behind Me
Hong Kong,Descendant of Sun
Hong Kong,Doubtful Victory
Hong Kong,K1 Entertainment News
Hong Kong,Trailer: Police Tactical Unit (SGEN)
Hong Kong,Retire to Queen
Hong Kong,Doctors
Hong Kong,It's All About The Looks
Hong Kong,Natsuko Kira
Hong Kong,Trailers
Hong Kong,Trailer: Feel Good to Die (PH)
Hong Kong,Trailer: Princess Jellyfish
Hong Kong,Trailer: Doctors (PH)
Hong Kong,Trailer: Confidence Man JP
Hong Kong,Initial D Third Stage
Hong Kong,Trailer: The Morose Mononokea
Hong Kong,Ancient Magus Bride
Hong Kong,The Ghost Detective
Hong Kong,Working Mom Stay Home Dad
Hong Kong,Welcome 2 Life
Hong Kong,School (2015)
Hong Kong,Come and Hug Me
Hong Kong,The Battle of Stars
Hong Kong,Overlord Season 3
Hong Kong,Lucky Romance
Hong Kong,KEIJO!!!!!!!! Hip Whip Girl
Hong Kong,Theatre of Vengeance
Hong Kong,Trailer: Fox Bride Star
Hong Kong,Radio Star (2019)
Hong Kong,Unlucky day
Hong Kong,Trailer: Strong Woman Do Bong Soon
Hong Kong,Queen of Mystery (Cantonese)
Hong Kong,Trailer: The Royal Gambler
Hong Kong,Trailer: To My Beloved
Hong Kong,Trailer: Teacher Oh Soon Nam
Hong Kong,Kenapa Harus Bule (Viu Originals)
Hong Kong,Food Wars! Shokugeki no Soma - The Third Plate
Hong Kong,Pied Piper
Hong Kong,"Trailer: My Husband, Mr. Oh! (HK)"
Hong Kong,Mystery Rank Show 123 (2018)
Hong Kong,Temptation
Hong Kong,Viu Fashion (SG+TH)
Hong Kong,Natsume's Book of Friends Five
Hong Kong,Lunch Time (2018)
Hong Kong,Queen of Mystery
Hong Kong,Goblin Slayer
Hong Kong,Fantastic
Hong Kong,Fugitive Boys
Hong Kong,Trailer: Colorful World
Hong Kong,BORDER Redemption (Cantonese)
Hong Kong,Trailer: Giver
Hong Kong,The Price of Smiles (HK)
Hong Kong,Diamond Lover
Hong Kong,Switch (Viu Orignals)
Hong Kong,Slam Dunk
Hong Kong,The Third Charm
Hong Kong,I See You
Hong Kong,Another Miss Oh
Hong Kong,Drinking Solo
Hong Kong,Princess Hours (Cantonese)
Hong Kong,Ace of Diamond actII
Hong Kong,Marriage Contract
Hong Kong,Padam Padam
Hong Kong,The Spark
Hong Kong,Trailer: The Evolution of our Love
Hong Kong,Love Like Flower
Hong Kong,Love Live! School Idol Project (Season 1)
Hong Kong,Wok the World (2018)
Hong Kong,Trailer: Rock Love Story
Hong Kong,Trailer: Mad Dog (HK)
Hong Kong,KBS Song Festival (2016)
Hong Kong,Trailer: Golden Pouch
Hong Kong,Trailer: Brain
Hong Kong,Trailer: Listen to Love
Hong Kong,Trailer: 12 Years Promise
Hong Kong,Trailer: The Town: The Uninvited
Hong Kong,Trailer: Love History of girl
Hong Kong,Ohlala Couple
Hong Kong,Two Cops
Hong Kong,Teacher Oh Soon Nam
Hong Kong,Ushio and Tora(Season 3)
Hong Kong,Police Tactical Unit (Mandarin)
Hong Kong,Spy Myung Wol
Hong Kong,"Marry Me, or Not? (Cantonese)"
Hong Kong,Queen of Mystery 2 (Cantonese)
Hong Kong,Omniscient Interfering View (2019)
Hong Kong,Initial D First Stage
Hong Kong,The Secret Life of My Secretary
Hong Kong,Sketch (Cantonese)
Hong Kong,Trailer: Innocent Defendant
Hong Kong,Viu Shorts (Viu Original)
Hong Kong,The Rebel Prelude
Hong Kong,Trailer: How Not to Summon a Demon Lord
Hong Kong,Trailer: DELE
Hong Kong,At Eighteen
Hong Kong,Crime Syndrome
Hong Kong,Trailer: a clinic on the sea
Hong Kong,Trailer: Bungo Stray Dogs 2
Hong Kong,Trailer: A-TEEN
Hong Kong,Trailer: Sky Castle (HK)
Hong Kong,Trailer: The 100 Nomad (HK)
Hong Kong,Trailer: Slam Dunk
Hong Kong,Trailer: Cross (HK)
Hong Kong,Good Doctor (JP)
Hong Kong,AKB Horror Night　Adrenaline Nights
Hong Kong,the secret message
Hong Kong,The Guardian
Hong Kong,Harukana Receive
Hong Kong,Shia Wa Se
Hong Kong,Full House 2
Hong Kong,Discovery of Love
Hong Kong,MBC Music Festival (2018)
Hong Kong,Trailer: The Guardian
Hong Kong,Cross
Hong Kong,Trailer: Hide and Seek (PH)
Hong Kong,I Live Alone (2019)
Hong Kong,Trailer: The Secret Life of My Secretary (PH)
Hong Kong,Trailer: He is Psychometric (PH)
Hong Kong,Trailer: You drive me crazy
Hong Kong,Trailer: Jamie's 15 Minute Meals (HK)
Hong Kong,Trailer: Secret and Lies
Hong Kong,Trailer: Be Melodramatic (HK)
Hong Kong,Trailer: Angel's Last Mission-Love (PH)
Hong Kong,Trailer: Wild Romance
Hong Kong,Trailer: parnter of justice
Hong Kong,Three Colors of Fantasies
Hong Kong,Uncontrollably Fond
Hong Kong,My True Friend
Hong Kong,Gang Of Ghosts
Hong Kong,Close Your Eyes Before It's Dark
Hong Kong,Amour et Patisserie
Hong Kong,Love & Life & Lie
Hong Kong,Trailer: I Am Not a Robot
Hong Kong,"Songgot, the Pierce"
Hong Kong,K1 Exclusive (PH)
Hong Kong,Trailer: Andante
Hong Kong,Trailer: Sketch
Hong Kong,Trailer: W
Hong Kong,Trailer: Gap Dong
Hong Kong,Trailer: Your House Helper
Hong Kong,Owarimonogatari Seaon Two
Hong Kong,Golden Pouch
Hong Kong,Sketch
Hong Kong,The Merchant Gaekju (2015)
Hong Kong,Forever Enemies
Hong Kong,Falsify
Hong Kong,"24小時拯救餐廳大作戰"
Hong Kong,Mr. Osomatsu season1
Hong Kong,Hotel Del Luna (HK-sponsored version)
Hong Kong,Berserk
Hong Kong,Is the order a Rabbit??
Hong Kong,You don't know Gunma yet
Hong Kong,Trailer: The Starry Night The Starry Sea Season2
Hong Kong,My Dream Trip (HK)
Hong Kong,Tsurezure Children
Hong Kong,Nobunaga Concerto
Hong Kong,Naked Fireman
Hong Kong,Devil Angel (TH)
Hong Kong,Trailer:Gordon Ramsay's Cookery Course(HK)
Hong Kong,Slited mouthed woman 2
Hong Kong,Trap Special
Hong Kong,Trailer: KBS Music Festival 2016
Hong Kong,I Wanna Be The Protagonist
Hong Kong,Shining Days
Hong Kong,Let Me Introduce Her
Hong Kong,Queen of Mystery 2
Hong Kong,How Not to Summon a Demon Lord
Hong Kong,Rude Miss Young Ae Season 15
Hong Kong,Trailer: Manhole - Feel So Good (PH)
Hong Kong,Comet Lucifer
Hong Kong,Her story
Hong Kong,Because This Is My First Life
Hong Kong,He is Psychometric
Hong Kong,Second to Last Love 2
Hong Kong,Trailer: Love Song
Hong Kong,Trailer: The Light in Your Eyes
Hong Kong,The Asterisk War(Season 2)
Hong Kong,MAMA2016
Hong Kong,Trailer: The Merchant Gaekju (2015)
Hong Kong,Trailer: Love Touch
Hong Kong,Trailer: Manhole
Hong Kong,Slited mouthed woman 3
Hong Kong,Feel Good to Die Preview
Hong Kong,Trailer: Missing9
Hong Kong,Entertainment Weekly (HK)
Hong Kong,Radio Star (2017)
Hong Kong,That Time I Got Reincarnated as a Slime
Hong Kong,Any lie can become Truth
Hong Kong,King of the Mask Singer (2016)
Hong Kong,"Sachiko, Lost and Found"
Hong Kong,AKB Love Night Love Factory
Hong Kong,Reply 1997
Hong Kong,My Little Lover～Minami kun no koibito
Hong Kong,Luxe Asia
Hong Kong,Trailer: Doctors
Hong Kong,Natsume's Book of Friends Six
Hong Kong,Reset
Hong Kong,My Dear Boy
Hong Kong,Food Wars!: Shokugeki no Soma – The Second Plate
Hong Kong,Trailer: Legal High(HK)
Hong Kong,Gokuaku Ganbo
Hong Kong,Painless
Hong Kong,Trailer: Cecile’s Plot
Hong Kong,Vlogger: paul gor
Hong Kong,Slited mouthed woman 1
Hong Kong,Trailer: Sweet Family
Hong Kong,Trailer: SIGN (2019 J-Drama)
Hong Kong,Trailer: MBC Entertainment Awards (2018)
Hong Kong,Trailer: Welcome to Waikiki (PH)
Hong Kong,"Trailer: Sonngot, the Pierce"
Hong Kong,Tralier: Fated To Love You
Hong Kong,Show! Music Core (2017)
Hong Kong,Plus Nine Boys
Hong Kong,Constellation Women Series -  Pisces Woman
Hong Kong,Fox Bride Star
Hong Kong,Tokyo Bachelors
Hong Kong,Trailer: The Ex-man
Hong Kong,Baek Hee Has Returned
Hong Kong,Voice 3
Hong Kong,深度遊日
Hong Kong,The Ex-man
Hong Kong,The Evolution of Our Love
Hong Kong,Love Song
Hong Kong,Daughter of Lupin
Hong Kong,Press Conference: Shadow of Justice
Hong Kong,MBC Drama Awards (2018)
Hong Kong,Hospital Ship
Hong Kong,Viu Beauty
Hong Kong,Palace
Hong Kong,Single Wife
Hong Kong,My Horrible Boss
Hong Kong,Tamagawa Ward Office of the Dead
Hong Kong,Trailer: The Secret Life of My Secretary (HK)
Hong Kong,Ossan’s Love
Hong Kong,Trailer: Wok of Love (PH)
Hong Kong,Trailer: School 2017
Hong Kong,"100 Days My Prince SP"
Hong Kong,Drama Korean
Hong Kong,Trailer: Another Miss Oh
Hong Kong,Thirty but Seventeen
Hong Kong,Shinjuku Seven
Hong Kong,The Rap of China 2019
Hong Kong,Trailer: Life Plan A and B
Hong Kong,Trailer: Love Live! Sunshine!! Season 2
Hong Kong,Trailer: The Amazing Magicians
Hong Kong,Love Storm
Hong Kong,Trailer: Bad Papa (PH)
Hong Kong,Trailer: Welcome 2 Life (HK)
Hong Kong,Trailer: The Lady in Dignity
Hong Kong,Black Knight - The Man Who Guards Me
Hong Kong,Horror Dimension (2015)
Hong Kong,euromaxx
Hong Kong,Missing9
Hong Kong,Street Dance of China Season 2
Hong Kong,Untouchable
Hong Kong,Boy Hood
Hong Kong,Trailer: Revenge Is Back
Hong Kong,Ancient Magus Bride OVA
Hong Kong,Trailer: Falsify (HK)
Hong Kong,Love Live! School Idol Project (Season 2)
Hong Kong,Trailer: The Battle of Star
Hong Kong,Trailer: Circle
Hong Kong,Truth of Zero
Hong Kong,Queen
Hong Kong,Trailer: My Sassy Girl (HK)
Hong Kong,"Bring it on, Ghost (Cantonese)"
Hong Kong,Trailer: Promise of 1000 Days
Hong Kong,Trailer: Beauty Inside (PH)
Hong Kong,Trailer: Love Storm
Hong Kong,Trailer: Horror Dimension (2017)
Hong Kong,Trailer: Love Live! Sunshine!!
Hong Kong,The Habitation
Hong Kong,My little television (2016)
Hong Kong,Trailer: Goblin Slayer
Hong Kong,Horror Dimension (2017)
Hong Kong,Digimon Adventure tri.
Hong Kong,"12 Years Promise"
Hong Kong,Whisper (Cantonese)
Hong Kong,Yellow Taped Newswoman
Hong Kong,Goodbye Mr. Black (Cantonese)
Hong Kong,Rascal Does Not Dream of Bunny Girl Senpai
Hong Kong,Black Leather Notebook (Cantonese)
Hong Kong,"I am sorry, I love you"
Hong Kong,Trailer: You don't know Gunma yet
Hong Kong,Trailer: March Comes in like a Lion
Hong Kong,Trailer: Welcome to Waikiki 2 (PH)
Hong Kong,Trailer: Berserk
Hong Kong,Trailer: MPD:Animal Unit
Hong Kong,W (Korean)
Hong Kong,Begin Again
Hong Kong,Trailer: Possessed
Hong Kong,Blade of Demon Destruction
Hong Kong,Trailer: Let's Eat S3
Hong Kong,Advertising Genius Lee Tae Baek
Hong Kong,Trailer: Temperature of Love (HK)
Hong Kong,Border Redemption
Hong Kong,Osakefufu
Hong Kong,Trailer: The Case Files of Lord El-Melloi II
Hong Kong,Infinite Challenge (2018)
Hong Kong,Trailer: Uncontrollably Fond
Hong Kong,Trailer: Residential Complex
Hong Kong,YCTG (HK)
Hong Kong,Trailer: Love Alert
Hong Kong,Dead Time Stories
Hong Kong,Endorsement collection
Hong Kong,Toriko
Hong Kong,K1_Features (Overseas)
Hong Kong,Secret Healer
Hong Kong,On the Way to the Airport (Cantonese)
Hong Kong,Chef Celebrities Season 4
Hong Kong,Trailer: Interviews with Monster Girls
Hong Kong,Oh my Jump
Hong Kong,Kaguya-sama: Love Is War
Hong Kong,Goblin Special
Hong Kong,Into the flames
Hong Kong,Trailer: Madame Antoine
Hong Kong,Trailer: Tsurezure Children
Hong Kong,Trailer: the secret message
Hong Kong,Dunia (2018)
Hong Kong,Show! music core (2016)
Hong Kong,DELE
Hong Kong,Radio Star (2018)
Hong Kong,Full Metal Panic! Invisible Victory
Hong Kong,Real Men 2 (2016)
Hong Kong,日常煮意
Hong Kong,Radio Star (2015)
Hong Kong,Lovestore at the Corner
Hong Kong,The Light in Your Eyes (HK)
Hong Kong,My Dear Cat
Hong Kong,Trailer: Gang Of Ghosts
Hong Kong,Vlogger: Bithia Lam
Hong Kong,"My Lawyer, Mr. Joe (Cantonese)"
Hong Kong,Bakuon!!
Hong Kong,The Starry Night The Starry Sea Season1
Hong Kong,Trailer: ARGON (HK)
Hong Kong,Trailer: The Bridge (HK)
Hong Kong,Trailer: Make me viral
Hong Kong,Trailer: My Dream Trip
Hong Kong,Trailer: Owarimonogatari Seaon Two
Hong Kong,Trailer: For you
Hong Kong,Trailer:Alderamin on the Sky
Hong Kong,Omniscient Interfering View Special (2018)
Hong Kong,Phantasy Star Online 2
Hong Kong,About Time
Hong Kong,K1 endorsement
Hong Kong,You Drive Me Crazy
Hong Kong,Goblin
Hong Kong,Hoh Family
Hong Kong,Demi-Gods and Semi-Devils
Hong Kong,KONOSUBA S1
Hong Kong,The Morose Mononokea
Hong Kong,We are in Love Season 3
Hong Kong,JoJo's Bizarre Adventure (Season 1)
Hong Kong,Trailer: Bad Papa
Hong Kong,Hours of My Life
Hong Kong,Trailer: Devil Angel
Hong Kong,Trailer: Good Manager
Hong Kong,Trailer: Yuuna and the Haunted Hot Springs
Hong Kong,Trailer : Shuttle Love Millennium
Hong Kong,Trailer: Legal High (PH)
Hong Kong,I Live Alone (2018)
Hong Kong,BORDER
Hong Kong,Scholar Who Walks the Night
Hong Kong,Legend Of Fu Yao
Hong Kong,Descendant of Sun (Cantonese)
Hong Kong,D-day
Hong Kong,Your House Helper
Hong Kong,Legend Of Fu Yao (Cantonese)
Hong Kong,MBC Entertainment Awards (2017)
Hong Kong,Confidence Man JP SP
Hong Kong,KBS Entertainment Awards (2016)
Hong Kong,Sweet Family
Hong Kong,Super Entourage
Hong Kong,The Bride of Habaek (Cantonese)
Hong Kong,Songs: Shadow of Justice
Hong Kong,Trailer: My Shy Boss
Hong Kong,Trailer: Doctor John (PH)
Hong Kong,Trailer: Hospital Ship (PH)
Hong Kong,Trailer: The Bride of Habaek (PH)
Hong Kong,Trailer: Miss Hammurabi (PH)
Hong Kong,Trailer: Baek Hee Has Returned
Hong Kong,Trailer: Hello My Twenties! 2
Hong Kong,Trailer: Fantastic
Hong Kong,Unexpected Q
Hong Kong,Comes Morning
Hong Kong,Initial D Fourth Stage
Hong Kong,The Return of the Condor Heroes
Hong Kong,Quiz from God - Reboot
Hong Kong,Pure Intention
Hong Kong,Trailer: My Absolute Boyfriend (HK)
Hong Kong,What Did You Eat Yesterday?
Hong Kong,Trailer: Wizard of Nowhere (2017)
Hong Kong,Virgins! Back to High School
Hong Kong,Interviews: Shadow of Justice
Hong Kong,To my beloved
Hong Kong,Trailer: Single Wife
Hong Kong,Trailer: Time
Hong Kong,"Trailer: Sachiko, Lost and Found"
Hong Kong,Brain
Hong Kong,Mother-in-Law vs Daughter-in-Law S4
Hong Kong,Hide and Seek (MBC)
Hong Kong,Trailer: No Sleep No FOMO (SGEN)
Hong Kong,Children of Nobody
Hong Kong,Trailer: Watcher
Hong Kong,One Night Memory
Hong Kong,The Bridge (Viu Original)
Hong Kong,Trailer: Love and 3.14159
Hong Kong,Trailer: Dr. Prisoner
Hong Kong,The Wind Blows
Hong Kong,Mystery Rank Show 123 (2017)
Hong Kong,Encounter (HK)
Hong Kong,A-TEEN
Hong Kong,On the Border (2018)
Hong Kong,A Chivalry of the Failed Knight
Hong Kong,Infinite Challenge’s Legends
Hong Kong,Crime Syndrome Season 2
Hong Kong,If It's for My Daughter
Hong Kong,Trailer: Fruits Delivery Service
Hong Kong,Trailer: Can we get married
Hong Kong,Trailer: Queen of Mystery
Hong Kong,Innocent Defendant
Hong Kong,Time
Hong Kong,Trailer: Less than Evil (HK)
Hong Kong,Hello K-Idol
Hong Kong,My Shy Boss (Cantonese)
Hong Kong,Trailer: Marriage contract
Hong Kong,Trailer: Haechi (PH)
Hong Kong,Trailer: The Memory
Hong Kong,Trailer: the supporting actors
Hong Kong,"Trailer ：Have you ever fallen in Love, Miss Jiang"
Hong Kong,Trailer: Reply 1997
Hong Kong,Trailer: Natsume's Book of Friends Five
Hong Kong,Slam Dunk (Cantonese)
Hong Kong,Cheer Up Mr Kim
Hong Kong,Money Flower
Hong Kong,"3 Fans Chase Korean Drama"
Hong Kong,All For One
Hong Kong,Trailer: Partners for Justice 2
Hong Kong,Secretly and Greatly (2017)
Hong Kong,CRISIS
Hong Kong,Lady Girls
Hong Kong,I TURN
Hong Kong,Initial D Second Stage
Hong Kong,Trailer: Strong Woman Do Bong Soon (PH)
Hong Kong,Trailer: Tempted
Hong Kong,Trailer: The Good Thieves
Hong Kong,Trailer: MBC Drama Awards (2017)
Hong Kong,Chronos Ruler
Hong Kong,Mother-in-Law vs Daughter-in-Law S1
Hong Kong,Trailer: The Price of Smiles (HK)
Hong Kong,Trailer: Shopaholic Louis
Hong Kong,The Publicist (Viu Originals)
Hong Kong,Black Leather Book
Hong Kong,Roommates (2018)
Hong Kong,The War of Beauties
Hong Kong,Criminal Minds : Korea (Cantonese)
Hong Kong,The 100 Nomad
Hong Kong,Alderamin on the Sky
Hong Kong,Trap
Hong Kong,Trailer: Ada’s Luxe Viu in Seoul
Hong Kong,Real Men 2 (2015)
Hong Kong,Trailer: Seven Ms. Prisoners
Hong Kong,Trailer: KONOSUBA S1
Hong Kong,Age Harassment
Hong Kong,Next Heroes
Hong Kong,Return of Fortunate Bok
Hong Kong,Item
Hong Kong,"Marry Me, or Not?"
Hong Kong,Trailer: Game of Hunting
Hong Kong,Waen Dok Mai
Hong Kong,kiss me
Hong Kong,Trailer: Luck Giver
Hong Kong,The Prime Minister's Chef
Hong Kong,Cecile’s Plot
Hong Kong,Trailer: Blade of Demon Destruction
Hong Kong,Trailer: Angel Eyes
Hong Kong,Trailer: Welcome to Waikiki 2
Hong Kong,Trailer: Black Leather Book
Hong Kong,Trailer: Relife
Hong Kong,Game of Hunting
Hong Kong,K1 Headline
Hong Kong,Idea Show
Hong Kong,Only side by side with you
Hong Kong,Sky Castle
Hong Kong,Shuttle Love Millennium (Cantonese)
Hong Kong,Bad Papa
Hong Kong,The Beauty Inside
Hong Kong,Trailer: KEIJO!!!!!!!! Hip Whip Girl
Hong Kong,Berserk SR2
Hong Kong,Show! Music Core (2019)
Hong Kong,Cheese in the Trap (Cantonese)
Hong Kong,Legal High
Hong Kong,Trailer: Thirty but Seventeen (PH)
Hong Kong,Trailer: Descendant of Sun
Hong Kong,Trailer: Naked Fireman
Hong Kong,Trailer: Welcome to Waikiki
Hong Kong,Reverse
Hong Kong,Die Sterntaler
Hong Kong,Welcome to Waikiki
Hong Kong,Love Touch
Hong Kong,Misty
Hong Kong,Devil Angel (HK)
Hong Kong,Jeon Woo Chi
Hong Kong,The Privileged
Hong Kong,Forget Me Not
Hong Kong,SFW 2019 F/W
Hong Kong,Constellation Women Series - Leo Woman
Hong Kong,Trailer: KBS Entertainment Awards 2016
Hong Kong,"40's Spring (2017)"
Hong Kong,Trailer: Drinking Solo
Hong Kong,I Live Alone (2018) (Dual Sub Hong Kong)
Hong Kong,Trailer: Love Like Flower
Hong Kong,Trailer: Unexpected Q
Hong Kong,Korea Guide
Hong Kong,The Good Thieves
Hong Kong,The Scarlet Night
Hong Kong,Crayon Shin Chan
Hong Kong,Mischievous Kiss 2 - Love in TOKYO
Hong Kong,My Sassy Girl
Hong Kong,Viu Fashion
Hong Kong,Bungo Stray Dogs 2
Hong Kong,Ani-world
Hong Kong,Gordon Ramsay's Ultimate Cookery Course S01
Hong Kong,Love Live! Sunshine!! Season 2
Hong Kong,Vlogger: hana tam
Hong Kong,Love Live! Sunshine!!
Hong Kong,Wise and Foolish
Hong Kong,Trailer: Digimon Adventure tri.
Hong Kong,Trailer: Jamie's 15 Minute Meals (HK_ENG)
Hong Kong,Trailer: Lucky Romance
Hong Kong,Trailer: Because This is My First Life (PH)
Hong Kong,Trailer ：Border redemption
Hong Kong,Trailer: Princess Agents
Hong Kong,Trailer: NANBAKA
Hong Kong,The proof of mothers' Lives
Hong Kong,Trailer: Hide and seek
Hong Kong,Marry or Not
Hong Kong,Solomon's Perjury
Hong Kong,Mazinger Z
Hong Kong,Vlogger: Angela
Hong Kong,Brave “YOSHIHIKO” and the seven driven people
Hong Kong,Trailer: Hotel Del Luna (PH)
Hong Kong,Trailer: 3 Colored Fantasy
Hong Kong,Dead Time Stories 2
Hong Kong,A Certain Scientific Accelerator
Hong Kong,Love in the Moonlight (Making of)
Hong Kong,HIStory3
Hong Kong,Trailer: Hold Me Tight
Hong Kong,Trailer: Temptation
Hong Kong,Trailer: euromaxx (HK_ENG)
Hong Kong,Trailer: Trap (PH)
Hong Kong,DARLING in the FRANXX
Hong Kong,Uncontrollably Fond (Cantonese)
Hong Kong,It's Dangerous Beyond The Blankets (2018)
Hong Kong,Royal Sister Returns
Hong Kong,Love Academy
Hong Kong,Slacker's Food Diary
Hong Kong,Hi School
Hong Kong,We Got Married (2017)
Hong Kong,Trailer: Doctor John (HK)
Hong Kong,KBS Drama Awards (2016)
Hong Kong,Love  Cop
Hong Kong,Everyone's Getting Married
Hong Kong,Yamada kun to Nananin no Majo
Hong Kong,Ossan's Love SP
Hong Kong,Trailer: Black Knight (PH)
Hong Kong,Teaser: Creaking Heroes
Hong Kong,Trailer: Death Note
Hong Kong,Trailer: Luxe Asia (HK_ENG)
Hong Kong,Secret and Lies
Hong Kong,Hunter x Hunter
Hong Kong,Mother-in-Law vs Daughter-in-Law S3
Hong Kong,Residential Complex
Hong Kong,Reply 1988
Hong Kong,Hirugao ~ Love Affairs in the Afternoon ~
Hong Kong,Questions Change the World
Hong Kong,JoJo's Bizarre Adventure (Season 2)
Hong Kong,Bel Ami
Hong Kong,Vlogger: kayan
Hong Kong,Gu Family Secret (Cantonese)
Hong Kong,Infinite Challenge (2015)
Hong Kong,A Poem A Day
Hong Kong,Trailer: Clean with Passion for Now (HK)
Hong Kong,Revenge Is Back
Hong Kong,Trailer: Fashion King
Hong Kong,Trailer: Sisters-in-law
Hong Kong,Trailer: Gordon Ramsay's 24 Hours Hell & Back (HK)
Hong Kong,Trailer ：the ghost detective
Hong Kong,Trailer: If It's for My Daughter
Hong Kong,Tokyo Sentimental SP
Hong Kong,Trailer: Rewrite
Hong Kong,Trailer: The Starry Night The Starry Sea Season1
Hong Kong,Trailer: My True Friend (SGEN)
Hong Kong,Hold Me Tight
Hong Kong,Viu Food (SG+TH)
Hong Kong,"Kiss Him, Not Me"
Hong Kong,Trailer: Rommates
Hong Kong,Clean with Passion for Now (HK)
Hong Kong,Marginal#4
Hong Kong,BFF Insider (Clean)
Hong Kong,Trailer: Hoh Family 4 Freaks 4Fam (HK)
Hong Kong,Trailer: Dead Time Stories 2
Hong Kong,BORDER The Urge (Cantonese)
Hong Kong,Ms. Hammurabi
Hong Kong,Monster
Hong Kong,Feel Good to Die
Hong Kong,Rude Miss Young Ae Season 16
Hong Kong,Temperature of Love
Hong Kong,Doctor John
Hong Kong,The Late Night Shop
Hong Kong,Wizard of Nowhere (2018)
Hong Kong,Love and 3.14159
Hong Kong,Police Tactical Unit (Cantonese)
Hong Kong,The Light in Your Eyes
Hong Kong,My First Time
Hong Kong,Trailer: All For One
Hong Kong,Trailer: Hotel Del Luna (HK)
Hong Kong,The Chaser
Hong Kong,The Morality
Hong Kong,Manhole
Hong Kong,Under Nineteen
Hong Kong,Trailer: Overlord S3
Hong Kong,Trailer: Feel Good to Die
Hong Kong,Trailer: It's Dangerous Beyond The Blankets
Hong Kong,Iron Ladies
Hong Kong,Trailer: Cheese in the Trap
Hong Kong,Trailer: Gu Family Secret
Hong Kong,Trailer:Gordon Ramsay's Cookery Course(ENG)
Hong Kong,Trailer: euromaxx (HK)
Hong Kong,HK Promo : ztore
Hong Kong,Trailer: Ping Pong Ball
Hong Kong,The Case Files of Lord El-Melloi II
Hong Kong,K1_Daily News
Hong Kong,Delicious Destiny
Hong Kong,Cross (Cantonese)
Hong Kong,Fashion King
Hong Kong,Bad Boys’ Diary
Hong Kong,The Royal Gambler
Hong Kong,No Sleep No FOMO Launch Party (HK)
Hong Kong,Abyss
Hong Kong,Deep Rooted Tree
Hong Kong,Remember you
Hong Kong,Trailer: Fox Bride Star (PH)
Hong Kong,Trailer: Terius Behind Me (PH)
Hong Kong,Trailer: Moorim School
Hong Kong,Trailer: Deep Rooted Tree
Hong Kong,Item Special
Hong Kong,Trailer: Item (HK)
Hong Kong,Trailer: Theatre of Vengeance
Hong Kong,Prisana Akat
Hong Kong,She Was Pretty
Hong Kong,Under Nineteen (2019)
Hong Kong,Thirty something
Hong Kong,Gunman in Joseon
Hong Kong,Trailer: Real Men 300
Hong Kong,I Am Not a Robot
Hong Kong,Kimi wa Pet (Cantonese)
Hong Kong,Trailer: Abyss (HK)
Hong Kong,Beautiful World
Hong Kong,Trailer: About Time
Hong Kong,ARGON
Hong Kong,Trailer: Untouchable
Hong Kong,Trailer: The Man From Future
Hong Kong,Tokyo Sentimental
Hong Kong,"Have you ever fallen in Love, Miss Jiang?"
Hong Kong,Trailer: Weighligting fairy Kim Bok-Joo
Hong Kong,Trailer: Mystery Rank Show 123 (HK)
Hong Kong,Trailer: I see you
Hong Kong,Game (60000Coupon)
Hong Kong,Trailer: Sword Oratoria
Hong Kong,Chief Kim
Hong Kong,For You in All Blossom
Hong Kong,Star April (Cantonese)
Hong Kong,Criminal Minds : Korea
Hong Kong,"Father, I'll Take Care of You"
Hong Kong,Asia Entertainment
Hong Kong,Be Shine or Be Mad
Hong Kong,March Comes in like a Lion Season 2
Hong Kong,Bungo Stray Dogs 2 OVA
Hong Kong,Trailer: Reply 1988
Hong Kong,Rewrite SR2
Hong Kong,Trailer: MBC Music Festival (2017)
Hong Kong,Trailer: Queen of Mystery 2 (HK)
Hong Kong,New year greeting
Hong Kong,Trailer: Everyone's Getting Married
Hong Kong,"Bring it on, Ghost"
Hong Kong,King of Mask Singer (2019)
Hong Kong,Stairway to Stardom
Hong Kong,Be Melodramatic
Hong Kong,Ada’s Luxe Viu in Seoul
Hong Kong,Happy Ending Once Again
Hong Kong,Giver
Hong Kong,Cheering Beat For Tomorrow
Hong Kong,Secret Affair
Hong Kong,Partners for Justice 2
Hong Kong,Teacher Gangster
Hong Kong,Misty (Cantonese)
Hong Kong,Overlord Season 2
Hong Kong,Trailer: Black Knight - The Man Who Guards Me
Hong Kong,Trailer: Beautiful World (HK)
Hong Kong,Kono Oto Tomare! Sounds of Life
Hong Kong,Seoul Fashion Week S/S19 Special
Hong Kong,The Time we weren't in Love
Hong Kong,Shall We Kiss First?
Hong Kong,My Girl (Thai version)
Hong Kong,Busan One Asia Festival (2016)
Hong Kong,Prince of Stride Alternative
Hong Kong,Boys & Girls
Hong Kong,The Memory
Hong Kong,Concrete Revolutio (Season 2)
Hong Kong,Interviews with Monster Girls
Hong Kong,Trailer: Crime Syndrome
Hong Kong,Trailer: We are in Love Season 3
Hong Kong,Trailer: Padam Padam
Hong Kong,Trailer: Fullmetal Alchemist Brotherhood
Hong Kong,Trailer: The Wind Blows
Hong Kong,Material Queen
Hong Kong,Love Alert
Hong Kong,My Absolute Boyfriend
Hong Kong,Angel's Last Mission-Love
Hong Kong,Whisper
Hong Kong,Tempted
Hong Kong,My Shy Boss
Hong Kong,Promise of 1000 Days
Hong Kong,NANBAKA Season 2
Hong Kong,Go Wardrobe
Hong Kong,ReLIFE
Hong Kong,Princess Hours Thailand
Hong Kong,Trailer: Man Who Dies to Live
Hong Kong,The Starry Night The Starry Sea Season 2
Hong Kong,Horror Dimension (2016)
Hong Kong,The Crowned Clown Special
Hong Kong,Trailer: Clean with Passion for Now (PH)
Hong Kong,Initial D final stage
Hong Kong,Trailer: At Eighteen (HK)
Hong Kong,Trailer: Beating Again
Hong Kong,The Time of Peanut
Hong Kong,Trailer: Suits (Korea)
Hong Kong,Swordsman
Hong Kong,SSSS.GRIDMAN
Hong Kong,KONOSUBA S2
Hong Kong,The Liar and His Lover (Cantonese)
Hong Kong,Can we get married
Hong Kong,Trailer: Hospital Ship (HK)
Hong Kong,Secretly and Greatly (2016)
Hong Kong,Trailer: Solomon's Perjury
Hong Kong,Shopaholic Louis
Hong Kong,Trailer: Boy Hood
Hong Kong,Royal Tramp
Hong Kong,Trailer: Terius Behind Me
Hong Kong,Rosy day
Hong Kong,Rewrite (Viu Originals)
Hong Kong,No Sleep No FOMO Launch Party
Hong Kong,Because this is my first life (Cantonese)
Hong Kong,I Live Alone (2015)
Hong Kong,Making of: What's Wrong Poong-sang
Hong Kong,Trailer: Ancient Magus Bride
Hong Kong,Trailer:Gordon Ramsay's 24 Hours Hell & Back(ENG)
Hong Kong,Trailer: Wolf
Hong Kong,Trailer: AD Genius
Hong Kong,MBC Drama Awards (2017)
Hong Kong,Children of 20th Century
Hong Kong,"100 Days My Prince"
Hong Kong,Mother-in-Law vs Daughter-in-Law S2
Hong Kong,Infinite Challenge (2016)
Hong Kong,Let's Eat! 3
Hong Kong,Three Exits To Love
Hong Kong,Queen for Seven Days
Hong Kong,Seoul Fashion Week S/S19 Special (Overseas)
Hong Kong,Trailer: Stairway to Stardom
Hong Kong,Endorsement: Shadow of Justice
Hong Kong,Trailer: Because this is my first life
Hong Kong,Clean with Passion for Now (Overseas+HKEN)
Hong Kong,Roommates (2017)
Hong Kong,Princess Jellyfish
Hong Kong,OtokoMeshi
Hong Kong,membership tutorial
Hong Kong,Life Plan A and B
Hong Kong,W Special
Hong Kong,Trailer: Justice (PH)
Hong Kong,Trailer: My Horrible Boss
Hong Kong,Trailer: Secret Garden
Hong Kong,Endless love
Hong Kong,The Asterisk War(Season 1)
Hong Kong,Sisters-in-law
Hong Kong,Natsume's Book of Friends Five Special
Hong Kong,JoJo's Bizarre Adventure (Season 3)
Hong Kong,Wizard of Nowhere (2017)
Hong Kong,Drinking Solo (Cantonese)
Hong Kong,Trailer: Monstar
Hong Kong,King's game
Hong Kong,Mr. Osomatsu season2
Hong Kong,Full House
Hong Kong,Trailer: The Secret Life (SGEN)
Hong Kong,Trailer: Ancient Magus Bride OVA
Hong Kong,Song Ji Hyo's Beauty View (2017)
Hong Kong,Trailer: Delicious Destiny
Hong Kong,Trailer: Overlord Season 2
Hong Kong,Strong Woman Do Bong Soon
Hong Kong,No Sleep No FOMO (2019)
Hong Kong,Man to Man
Hong Kong,Black Clover
Hong Kong,Diamond Lover 2
Hong Kong,Love And Lies
Hong Kong,Monstar
Hong Kong,Cheese in the Trap
Hong Kong,Naomi & Kanko
Hong Kong,Trailer: National Husband (HK)
Hong Kong,Trailer: Our Glamorous Time
Hong Kong,Constellation Women Series - Capricorn Woman
Hong Kong,Trailer: Lovely Love Lie
Hong Kong,Trailer: Party Left
Hong Kong,Viu Premium Video
Hong Kong,Trailer: Goodbye Mr. Black
Hong Kong,Night Hero NAOTO
Hong Kong,Hello K-Idol ExclusiVlogs
Hong Kong,National Husband (2019)
Hong Kong,Hakugin Jack
Hong Kong,King Of Mask Singer (2017)
Hong Kong,Trailer: The Light in Your Eyes (SGEN)
Hong Kong,The Morose Mononokean S2
Hong Kong,Hello My Twenties!
Hong Kong,Temperature of Love (Cantonese)
Hong Kong,The Flower in Prison
Hong Kong,Riders
Hong Kong,Mad Dog
Hong Kong,Sword Oratoria
Hong Kong,Constellation Women Series - Aquarius Woman
Hong Kong,Gabdong - The Serial Killer
Hong Kong,Restaurant to Another World
Hong Kong,Love at First Hate
Hong Kong,Seventeen
Hong Kong,Trailer: On the Way to the Airport
Hong Kong,Trailer: Descendants of the Sun (PH)
Hong Kong,Trailer: It’s All About the Looks
Hong Kong,Trailer: Lunch Time
Hong Kong,Trailer: MBC Drama Awards (2018)
Hong Kong,Making Of: Lucky Romance
Hong Kong,The Virtuous Queen of Han
Hong Kong,Reply 1994
Hong Kong,A Place Further Than The Universe
Hong Kong,The Bride of Habaek
Hong Kong,One Piece
Hong Kong,Our Glamorous Time
Hong Kong,Trailer: Goblin
Hong Kong,Mi Mi
Hong Kong,Legal V
Hong Kong,Special: Uncontrollably Fond
Hong Kong,Love Channel (Dior)
Hong Kong,Trailer: Legend Of Fu Yao
Hong Kong,Welcome to Waikiki Special
Hong Kong,Fate series: The Case Files of Lord El-Melloi II
Hong Kong,Andante
Hong Kong,Trailer: What Did You Eat Yesterday?
Hong Kong,Trailer: A Place Further Than The Universe
Hong Kong,Trailer: Food Wars!  - The Third Plate
Hong Kong,Trailer: Princess Hours Thailand
Hong Kong,Trailer: Rain or Shine
Hong Kong,Trailer:  No Sleep No FOMO (HK)
Hong Kong,Trailer: Come and Hug Me
Hong Kong,Trailer: Only side by side with you
Hong Kong,Haechi
Hong Kong,Aoihonoo
Hong Kong,Divine Gate
Hong Kong,Welcome to Waikiki 2
Hong Kong,What and what cool summer
Hong Kong,Trailer: Sherlock's room (2017)
Hong Kong,Trailer: The Bride of Habaek (HK)
Hong Kong,Trailer: Two Cops (PH)
Hong Kong,Initial D Fifth Stage
Hong Kong,Trailer: Comes Morning
Hong Kong,Press Con: Naomi & Kanko
Hong Kong,Hospital Ship Special
Hong Kong,Wah Siu Promotional Video
Hong Kong,Trailer: Good Doctor
Hong Kong,Trailer: Harukana Receive
Hong Kong,Trailer: Reply 1994
Hong Kong,Secret Garden
Hong Kong,For You
Hong Kong,King Of Mask Singer (2018)
Hong Kong,Come Back Alive
Hong Kong,It’s All About the Looks
Hong Kong,Hotel Del Luna
Hong Kong,The Single Teacher Miss Hayako
Hong Kong,The Supporting Actors
Hong Kong,Beating Again
Hong Kong,"20-30 Dictionary"
Hong Kong,Life Plan A and B (Cantonese)
Hong Kong,Trailer: Under Nineteen (HK)
Hong Kong,Beyond Show
Hong Kong,"Good-bye, Enari-kun"
Hong Kong,The Single Teacher Miss Hayako Press Conference
Hong Kong,Seven Ms. Prisoners
Hong Kong,Sky Castle Special
Hong Kong,Trailer: Ohlala Couple
Hong Kong,"Trailer: My Lawyer, Mr. Jo"
Hong Kong,Trailer: The Spark
Hong Kong,Chess Tamashi
Hong Kong,Just Married (2016)
Hong Kong,Trailer: My True Friend
Hong Kong,The Lady in Dignity
Hong Kong,Trailer: Come Back Alive
Hong Kong,Vlogger: Cherry Lam
Hong Kong,Trailer:  No Sleep No FOMO (HKEN)
Hong Kong,The Perfect Insider
Hong Kong,Parting Left
Hong Kong,Trailer: The Emperor: Owner of the Mask
Hong Kong,Sherlock's Room (2017)
Hong Kong,Trailer: Forever Enemies
Hong Kong,Trailer: Beauty Inside
Hong Kong,Trailer: SSSS.gridman
Hong Kong,Goodbye Mr. Black
Hong Kong,MPD:Animal Unit
Hong Kong,Trailer: The Crowned Clown (HK)
Hong Kong,Real Men 300 (2019)
Hong Kong,Trailer: YCTG (HK)
Hong Kong,The Heaven Sword and Dragon Saber
Hong Kong,Angel Eyes
Hong Kong,DBS SPARKS
Hong Kong,Heart of Steel
Hong Kong,Trailer: Encounter (PH)
Hong Kong,Fated to Love You
Hong Kong,Confidence Man JP
Hong Kong,Innocent Defendant (Cantonese)
Hong Kong,TOPICREM
Hong Kong,Trailer: Angel's Last Mission-Love (HK)
Hong Kong,Trailer: Children of 20th Century
Hong Kong,Trailer: Radiant Office
Hong Kong,Trailer: Berserk SR2
Hong Kong,Trailer: Song Ji Hyo's Beauty View (2017)
Hong Kong,He is Psychometric Special
Hong Kong,Trailer: Waen Dok Mai
Hong Kong,Man Who Dies to Live
Hong Kong,Concrete Revolutio
Hong Kong,BeeTheQueen Beauty Channel
Hong Kong,Justice
Hong Kong,Trot Lover
Hong Kong,Gu Family Secret
Hong Kong,Love in the Moonlight Special
Hong Kong,top star: yoo-baek
Hong Kong,Trailer: Dunia
Hong Kong,Trailer: What's Wrong Poong-sang
Hong Kong,Ping Pong Ball
Hong Kong,Trailer: Osakefufu
Hong Kong,Trailer: Temperature of Love (PH)
Hong Kong,Tokyo Sentimental Special (Cantonese)
Hong Kong,Trailer: Reverse
Hong Kong,On the Way to the Airport
Hong Kong,Fated to Love You (Cantonese)
Hong Kong,Wok of Love
Hong Kong,My ID is Gangnam Beauty
Hong Kong,Kiss The Series
Hong Kong,Trailer: Pied Piper
Hong Kong,March Comes in like a Lion Special
Hong Kong,"Trailer: Father, I'll Take Care of You"
Hong Kong,Trailer: DARLING in the FRANXX
Hong Kong,Constellation Women Series - Aries Woman
Hong Kong,Scholar Who Walks the Night (Cantonese)
Hong Kong,Trailer: Love in the Moonlight (PH)
Hong Kong,Trailer: Justice
Hong Kong,Trailer: Unlucky day
Hong Kong,Misty (Trailer)
Hong Kong,Trailer: Kaguya-sama: Love Is War
Hong Kong,Trailer: Secretly and Greatly
Hong Kong,Trailer: The Rebel
Hong Kong,"What's Wrong, Poongsang?"
Hong Kong,Viu Food
Hong Kong,Yuuna and the Haunted Hot Springs
Hong Kong,Code Geass R2
Hong Kong,Perfect Match 2017
Hong Kong,Trailer: Seoul Fashion Week S/S19 Special
Hong Kong,MBC Music Festival (2017)
Hong Kong,Trailer ：The Public Enemy
Hong Kong,Trailer: Rewrite (Viu Original)
Hong Kong,HK Promotion : Samsung TV
Hong Kong,Infinite Challenge (2017)
Hong Kong,Omniscient Interfering View (2018)
Hong Kong,Viu Beauty (SG+TH)
Hong Kong,Moorim School
Hong Kong,Death Note OVA
Hong Kong,Trailer: Seoul Fashion Week (SG+TH)
Hong Kong,"My Husband, Mr. Oh!"
Hong Kong,Shuttle Love Millennium
Hong Kong,Trailer: Mama Fairy and the Woodcutter (HK)
Hong Kong,BORDER The Urge ~Medical Examiner Mika HIGA
Hong Kong,Trailer: Natsume's Book of Friends Six
Hong Kong,Trailer: For You In Full Blossom
Hong Kong,Wolf
Hong Kong,Trailer: My Dear Boy
Hong Kong,TR: Rascal Does Not Dream of Bunny Girl Senpai
Hong Kong,Trailer: Item (PH)
Hong Kong,Trailer: Daughter of Lupin
Hong Kong,Trailer: The 100 Nomad (HK_ENG)
Hong Kong,The Spark Press Conference
Hong Kong,Trailer: Rewrite SR2
Hong Kong,The Rebel
Hong Kong,A Clinic on the Sea
Hong Kong,Shadow of Justice (Cantonese version)
Hong Kong,"PLAY BALL! BE""M""ARS"
Hong Kong,Fullmetal Alchemist
Hong Kong,Luck Giver
Hong Kong,Halustik (Viu Originals)
Hong Kong,Kiss Me (Cantonese)
Hong Kong,The Emperor: Owner of the Mask
Hong Kong,Rain or Shine
Hong Kong,Trailer: Let Me Introduce Her
Hong Kong,Sword Oratoria S2
Hong Kong,Lovey Dovey (Cantonese)
Hong Kong,Trailer: Shadow of Justice
Hong Kong,Trailer: Queen For Seven Days
Hong Kong,missing korea
Hong Kong,Trailer: Love in the Moonlight
Hong Kong,"Trailer: Kiss Him, Not Me"
