"area_name","category_name","group_series_name"
Hong Kong,Chinese Dramas,My True Friend
Hong Kong,Chinese Dramas,Palace
Hong Kong,Chinese Dramas,Police Tactical Unit (Cantonese)
Hong Kong,Chinese Dramas,Swordsman
Hong Kong,Japanese Dramas,Cecile’s Plot
Hong Kong,Japanese Dramas,Comes Morning
Hong Kong,Japanese Dramas,Confidence Man JP
Hong Kong,Japanese Dramas,Confidence Man JP SP
Hong Kong,Japanese Dramas,Daughter of Lupin
Hong Kong,Japanese Dramas,Everyone's Getting Married
Hong Kong,Japanese Dramas,Good Doctor (JP)
Hong Kong,Japanese Dramas,It's All About The Looks
Hong Kong,Japanese Dramas,Legal V
Hong Kong,Japanese Dramas,Love Song
Hong Kong,Japanese Dramas,MPD:Animal Unit
Hong Kong,Japanese Dramas,Natsuko Kira
Hong Kong,Japanese Dramas,Princess Jellyfish
Hong Kong,Japanese Dramas,Queen
Hong Kong,Japanese Dramas,The Public Enemy
Hong Kong,K1 Headlines,K1 Entertainment News
Hong Kong,K1 Headlines,K1 Exclusive (PH)
Hong Kong,K1 Headlines,K1_Features (Overseas)
Hong Kong,Korean Dramas,"100 Days My Prince"
Hong Kong,Korean Dramas,About Time
Hong Kong,Korean Dramas,Angel's Last Mission-Love
Hong Kong,Korean Dramas,Another Miss Oh
Hong Kong,Korean Dramas,At Eighteen
Hong Kong,Korean Dramas,Bad Papa
Hong Kong,Korean Dramas,Baek Hee Has Returned
Hong Kong,Korean Dramas,Be Melodramatic
Hong Kong,Korean Dramas,Beautiful World
Hong Kong,Korean Dramas,Because This Is My First Life
Hong Kong,Korean Dramas,Black Knight - The Man Who Guards Me
Hong Kong,Korean Dramas,"Bring it on, Ghost"
Hong Kong,Korean Dramas,Cheese in the Trap
Hong Kong,Korean Dramas,Chief Kim
Hong Kong,Korean Dramas,Children of 20th Century
Hong Kong,Korean Dramas,Children of Nobody
Hong Kong,Korean Dramas,Clean with Passion for Now (Overseas+HKEN)
Hong Kong,Korean Dramas,Come Back Alive
Hong Kong,Korean Dramas,Come and Hug Me
Hong Kong,Korean Dramas,Descendant of Sun
Hong Kong,Korean Dramas,Doctor John
Hong Kong,Korean Dramas,Doctor Prisoner
Hong Kong,Korean Dramas,Doctors
Hong Kong,Korean Dramas,Doubtful Victory
Hong Kong,Korean Dramas,Drinking Solo
Hong Kong,Korean Dramas,Encounter (HK)
Hong Kong,Korean Dramas,Falsify
Hong Kong,Korean Dramas,"Father, I'll Take Care of You"
Hong Kong,Korean Dramas,Feel Good to Die
Hong Kong,Korean Dramas,Forever Enemies
Hong Kong,Korean Dramas,Fox Bride Star
Hong Kong,Korean Dramas,Goblin
Hong Kong,Korean Dramas,Goblin Special
Hong Kong,Korean Dramas,Golden Pouch
Hong Kong,Korean Dramas,Goodbye Mr. Black
Hong Kong,Korean Dramas,Gunman in Joseon
Hong Kong,Korean Dramas,Haechi
Hong Kong,Korean Dramas,He is Psychometric
Hong Kong,Korean Dramas,Hide and Seek (MBC)
Hong Kong,Korean Dramas,Hold Me Tight
Hong Kong,Korean Dramas,Hospital Ship
Hong Kong,Korean Dramas,Hospital Ship Special
Hong Kong,Korean Dramas,Hotel Del Luna
Hong Kong,Korean Dramas,Hotel Del Luna (HK-sponsored version)
Hong Kong,Korean Dramas,I Am Not a Robot
Hong Kong,Korean Dramas,Innocent Defendant
Hong Kong,Korean Dramas,Item
Hong Kong,Korean Dramas,Item Special
Hong Kong,Korean Dramas,Justice
Hong Kong,Korean Dramas,Legal High
Hong Kong,Korean Dramas,Less than Evil
Hong Kong,Korean Dramas,Let Me Introduce Her
Hong Kong,Korean Dramas,Let's Eat! 3
Hong Kong,Korean Dramas,Listen to Love
Hong Kong,Korean Dramas,Love in the Moonlight
Hong Kong,Korean Dramas,Love in the Moonlight Special
Hong Kong,Korean Dramas,Lucky Romance
Hong Kong,Korean Dramas,Mad Dog
Hong Kong,Korean Dramas,Madame Antoine
Hong Kong,Korean Dramas,Mama Fairy and the Woodcutter
Hong Kong,Korean Dramas,Man Who Dies to Live
Hong Kong,Korean Dramas,Man to Man
Hong Kong,Korean Dramas,Manhole
Hong Kong,Korean Dramas,Marriage Contract
Hong Kong,Korean Dramas,Missing9
Hong Kong,Korean Dramas,Missing9 Special
Hong Kong,Korean Dramas,Misty
Hong Kong,Korean Dramas,Money Flower
Hong Kong,Korean Dramas,Monster
Hong Kong,Korean Dramas,Moorim School
Hong Kong,Korean Dramas,Ms. Hammurabi
Hong Kong,Korean Dramas,My Absolute Boyfriend
Hong Kong,Korean Dramas,"My Husband, Mr. Oh!"
Hong Kong,Korean Dramas,My ID is Gangnam Beauty
Hong Kong,Korean Dramas,"My Lawyer, Mr. Joe"
Hong Kong,Korean Dramas,My Sassy Girl
Hong Kong,Korean Dramas,My Shy Boss
Hong Kong,Korean Dramas,My Shy Boss: The Beginning
Hong Kong,Korean Dramas,Naked Fireman
Hong Kong,Korean Dramas,On the Way to the Airport
Hong Kong,Korean Dramas,Parting Left
Hong Kong,Korean Dramas,Partners for Justice
Hong Kong,Korean Dramas,Partners for Justice 2
Hong Kong,Korean Dramas,Ping Pong Ball
Hong Kong,Korean Dramas,Plus Nine Boys
Hong Kong,Korean Dramas,Queen for Seven Days
Hong Kong,Korean Dramas,Queen of Mystery
Hong Kong,Korean Dramas,Queen of Mystery 2
Hong Kong,Korean Dramas,Radiant Office
Hong Kong,Korean Dramas,Reply 1988
Hong Kong,Korean Dramas,Reply 1997
Hong Kong,Korean Dramas,Reset
Hong Kong,Korean Dramas,Rude Miss Young Ae Season 15
Hong Kong,Korean Dramas,School 2017
Hong Kong,Korean Dramas,Secret Healer
Hong Kong,Korean Dramas,Secret and Lies
Hong Kong,Korean Dramas,Shall We Kiss First?
Hong Kong,Korean Dramas,She Was Pretty
Hong Kong,Korean Dramas,Shopaholic Louis
Hong Kong,Korean Dramas,Sisters-in-law
Hong Kong,Korean Dramas,Sketch
Hong Kong,Korean Dramas,Sky Castle
Hong Kong,Korean Dramas,Sky Castle Special
Hong Kong,Korean Dramas,Strong Woman Do Bong Soon
Hong Kong,Korean Dramas,Suits (Korea)
Hong Kong,Korean Dramas,Temperature of Love
Hong Kong,Korean Dramas,Tempted
Hong Kong,Korean Dramas,Terius Behind Me
Hong Kong,Korean Dramas,The Beauty Inside
Hong Kong,Korean Dramas,The Bride of Habaek
Hong Kong,Korean Dramas,The Crowned Clown
Hong Kong,Korean Dramas,The Crowned Clown Special
Hong Kong,Korean Dramas,The Emperor: Owner of the Mask
Hong Kong,Korean Dramas,The Flower in Prison
Hong Kong,Korean Dramas,The Ghost Detective
Hong Kong,Korean Dramas,The Good Thieves
Hong Kong,Korean Dramas,The Guardian
Hong Kong,Korean Dramas,The Liar & His Lover
Hong Kong,Korean Dramas,The Light in Your Eyes
Hong Kong,Korean Dramas,The Light in Your Eyes (HK)
Hong Kong,Korean Dramas,The Rebel
Hong Kong,Korean Dramas,The Rebel Prelude
Hong Kong,Korean Dramas,The Royal Gambler
Hong Kong,Korean Dramas,The Secret Life of My Secretary
Hong Kong,Korean Dramas,The Third Charm
Hong Kong,Korean Dramas,The Wind Blows
Hong Kong,Korean Dramas,Thirty but Seventeen
Hong Kong,Korean Dramas,Three Colors of Fantasies
Hong Kong,Korean Dramas,Time
Hong Kong,Korean Dramas,Trap
Hong Kong,Korean Dramas,Two Cops
Hong Kong,Korean Dramas,Uncontrollably Fond
Hong Kong,Korean Dramas,Voice 3
Hong Kong,Korean Dramas,W (Korean)
Hong Kong,Korean Dramas,W Special
Hong Kong,Korean Dramas,Watcher
Hong Kong,Korean Dramas,Weightlifting Fairy Kim Bok Joo
Hong Kong,Korean Dramas,Welcome 2 Life
Hong Kong,Korean Dramas,Welcome to Waikiki
Hong Kong,Korean Dramas,Welcome to Waikiki 2
Hong Kong,Korean Dramas,"What's Wrong, Poongsang?"
Hong Kong,Korean Dramas,Whisper
Hong Kong,Korean Dramas,Wok of Love
Hong Kong,Korean Dramas,Working Mom Stay Home Dad
Hong Kong,Korean Dramas,You Drive Me Crazy
Hong Kong,Korean Dramas,Your House Helper
Hong Kong,Korean Variety,"2018 MBC Idol Star Athletics Championships"
Hong Kong,Korean Variety,"40's Spring (2017)"
Hong Kong,Korean Variety,Creaking Heroes (2018)
Hong Kong,Korean Variety,Dunia (2018)
Hong Kong,Korean Variety,I Live Alone (2015)
Hong Kong,Korean Variety,I Live Alone (2017)
Hong Kong,Korean Variety,I Live Alone (2018)
Hong Kong,Korean Variety,I Live Alone (2019)
Hong Kong,Korean Variety,I live alone (2016)
Hong Kong,Korean Variety,Infinite Challenge (2015)
Hong Kong,Korean Variety,Infinite Challenge (2016)
Hong Kong,Korean Variety,Infinite Challenge (2017)
Hong Kong,Korean Variety,Infinite Challenge (2018)
Hong Kong,Korean Variety,It's Dangerous Beyond The Blankets (2017)
Hong Kong,Korean Variety,It's Dangerous Beyond The Blankets (2018)
Hong Kong,Korean Variety,Just Married (2015)
Hong Kong,Korean Variety,Just Married (2016)
Hong Kong,Korean Variety,KBS Drama Awards (2016)
Hong Kong,Korean Variety,KBS Entertainment Awards (2016)
Hong Kong,Korean Variety,KBS Song Festival (2016)
Hong Kong,Korean Variety,King Of Mask Singer (2017)
Hong Kong,Korean Variety,King Of Mask Singer (2018)
Hong Kong,Korean Variety,King of Mask Singer (2019)
Hong Kong,Korean Variety,King of the Mask Singer (2015)
Hong Kong,Korean Variety,King of the Mask Singer (2016)
Hong Kong,Korean Variety,Lunch Time (2018)
Hong Kong,Korean Variety,MBC Drama Awards (2017)
Hong Kong,Korean Variety,MBC Drama Awards (2018)
Hong Kong,Korean Variety,MBC Entertainment Awards (2017)
Hong Kong,Korean Variety,MBC Entertainment Awards (2018)
Hong Kong,Korean Variety,MBC Music Festival (2017)
Hong Kong,Korean Variety,MBC Music Festival (2018)
Hong Kong,Korean Variety,Make me Viral
Hong Kong,Korean Variety,My Little Television (2015)
Hong Kong,Korean Variety,My Little Television (2017)
Hong Kong,Korean Variety,My little television (2016)
Hong Kong,Korean Variety,Mystery Rank Show 123 (2017)
Hong Kong,Korean Variety,Mystery Rank Show 123 (2018)
Hong Kong,Korean Variety,Omniscient Interfering View (2018)
Hong Kong,Korean Variety,Omniscient Interfering View (2019)
Hong Kong,Korean Variety,On the Border (2018)
Hong Kong,Korean Variety,Radio Star (2015)
Hong Kong,Korean Variety,Radio Star (2016)
Hong Kong,Korean Variety,Radio Star (2017)
Hong Kong,Korean Variety,Radio Star (2018)
Hong Kong,Korean Variety,Radio Star (2019)
Hong Kong,Korean Variety,Real Men 2 (2015)
Hong Kong,Korean Variety,Real Men 2 (2016)
Hong Kong,Korean Variety,Real Men 300 (2018)
Hong Kong,Korean Variety,Real Men 300 (2019)
Hong Kong,Korean Variety,Roommates (2017)
Hong Kong,Korean Variety,Roommates (2018)
Hong Kong,Korean Variety,Sherlock's Room (2017)
Hong Kong,Korean Variety,Show! Music Core (2015)
Hong Kong,Korean Variety,Show! Music Core (2017)
Hong Kong,Korean Variety,Show! Music Core (2018)
Hong Kong,Korean Variety,Show! Music Core (2019)
Hong Kong,Korean Variety,Show! music core (2016)
Hong Kong,Korean Variety,Under Nineteen
Hong Kong,Korean Variety,Under Nineteen (2019)
Hong Kong,Korean Variety,Unexpected Q
Hong Kong,Korean Variety,We Got Married (2017)
Hong Kong,Korean Variety,Wizard of Nowhere (2017)
Hong Kong,Korean Variety,Wizard of Nowhere (2018)
Hong Kong,Korean Variety,Wok the World (2018)
Hong Kong,Lifestyle,"24小時拯救餐廳大作戰"
Hong Kong,Lifestyle,"3 Fans Chase Korean Drama"
Hong Kong,Lifestyle,Ada’s Luxe Viu in Seoul
Hong Kong,Lifestyle,Around world 800 days
Hong Kong,Lifestyle,BFF Insider (Clean)
Hong Kong,Lifestyle,Drama Korean
Hong Kong,Lifestyle,Gordon Ramsay's Ultimate Cookery Course S01
Hong Kong,Lifestyle,Her story
Hong Kong,Lifestyle,I Wanna Be The Protagonist
Hong Kong,Lifestyle,Jamie's 15 minute meal
Hong Kong,Lifestyle,K1 Headline
Hong Kong,Lifestyle,Korea Guide
Hong Kong,Lifestyle,Love Academy
Hong Kong,Lifestyle,Luxe Asia
Hong Kong,Lifestyle,SFW 2019 F/W
Hong Kong,Lifestyle,Seoul Fashion Week S/S19 Special
Hong Kong,Lifestyle,Shanghai Fashion Week A/W 2019
Hong Kong,Lifestyle,The 100 Nomad
Hong Kong,Lifestyle,Travelzoo: Australia
Hong Kong,Lifestyle,Viu Beauty
Hong Kong,Lifestyle,Viu Fashion
Hong Kong,Lifestyle,Viu Food
Hong Kong,Lifestyle,Vlogger: Angela
Hong Kong,Lifestyle,Vlogger: Bithia Lam
Hong Kong,Lifestyle,Vlogger: Cherry Lam
Hong Kong,Lifestyle,Vlogger: hana tam
Hong Kong,Lifestyle,Vlogger: kayan
Hong Kong,Lifestyle,Vlogger: paul gor
Hong Kong,Lifestyle,euromaxx
Hong Kong,Lifestyle,日常煮意
Hong Kong,Lifestyle,深度遊日
Hong Kong,Lifestyle Bites,"24小時拯救餐廳大作戰"
Hong Kong,Lifestyle Bites,Gordon Ramsay's Ultimate Cookery Course S01
Hong Kong,Lifestyle Bites,Jamie's 15 minute meal
Hong Kong,Lifestyle Bites,Luxe Asia
Hong Kong,Lifestyle Bites,Seoul Fashion Week S/S19 Special (Overseas)
Hong Kong,Lifestyle Bites,The 100 Nomad
Hong Kong,Lifestyle Bites,Viu Beauty (SG+TH)
Hong Kong,Lifestyle Bites,Viu Fashion (SG+TH)
Hong Kong,Lifestyle Bites,Viu Food (SG+TH)
Hong Kong,Lifestyle Bites,euromaxx
Hong Kong,Thai Dramas,Dead Time Stories
Hong Kong,Thai Dramas,For You
Hong Kong,Thai Dramas,I See You
Hong Kong,Thai Dramas,Kiss The Series
Hong Kong,Thai Dramas,My Girl (Thai version)
Hong Kong,Trailers,Trailer:  No Sleep No FOMO (HK)
Hong Kong,Trailers,Trailer:  No Sleep No FOMO (HKEN)
Hong Kong,Trailers,Trailer: Angel's Last Mission - Love
Hong Kong,Trailers,Trailer: Angel's Last Mission-Love (PH)
Hong Kong,Trailers,Trailer: At Eighteen (PH)
Hong Kong,Trailers,Trailer: Bad Papa (PH)
Hong Kong,Trailers,Trailer: Beauty Inside (PH)
Hong Kong,Trailers,Trailer: Because This is My First Life (PH)
Hong Kong,Trailers,Trailer: Black Knight (PH)
Hong Kong,Trailers,Trailer: Clean with Passion for Now (PH)
Hong Kong,Trailers,Trailer: Descendants of the Sun (PH)
Hong Kong,Trailers,Trailer: Doctor John (PH)
Hong Kong,Trailers,Trailer: Doctors (PH)
Hong Kong,Trailers,Trailer: Encounter (PH)
Hong Kong,Trailers,Trailer: Feel Good to Die (PH)
Hong Kong,Trailers,Trailer: Fox Bride Star (PH)
Hong Kong,Trailers,Trailer: Haechi (PH)
Hong Kong,Trailers,Trailer: He is Psychometric (PH)
Hong Kong,Trailers,Trailer: Hide and Seek (PH)
Hong Kong,Trailers,Trailer: Hospital Ship (PH)
Hong Kong,Trailers,Trailer: Hotel Del Luna (PH)
Hong Kong,Trailers,Trailer: I Am Not a Robot (PH)
Hong Kong,Trailers,Trailer: Item (PH)
Hong Kong,Trailers,Trailer: Jamie's 15 Minute Meals (HK_ENG)
Hong Kong,Trailers,Trailer: Justice (PH)
Hong Kong,Trailers,Trailer: Legal High (PH)
Hong Kong,Trailers,Trailer: Love in the Moonlight (PH)
Hong Kong,Trailers,Trailer: Luxe Asia (HK_ENG)
Hong Kong,Trailers,Trailer: Manhole - Feel So Good (PH)
Hong Kong,Trailers,Trailer: Miss Hammurabi (PH)
Hong Kong,Trailers,Trailer: My Absolute Boyfriend (PH)
Hong Kong,Trailers,Trailer: My True Friend (SGEN)
Hong Kong,Trailers,Trailer: No Sleep No FOMO (SGEN)
Hong Kong,Trailers,Trailer: Police Tactical Unit (SGEN)
Hong Kong,Trailers,Trailer: Seoul Fashion Week (SG+TH)
Hong Kong,Trailers,Trailer: Stranger from Hell (PH)
Hong Kong,Trailers,Trailer: Strong Woman Do Bong Soon (PH)
Hong Kong,Trailers,Trailer: Temperature of Love (PH)
Hong Kong,Trailers,Trailer: Terius Behind Me (PH)
Hong Kong,Trailers,Trailer: The 100 Nomad (HK_ENG)
Hong Kong,Trailers,Trailer: The Bride of Habaek (PH)
Hong Kong,Trailers,Trailer: The Light in Your Eyes (SGEN)
Hong Kong,Trailers,Trailer: The Secret Life (SGEN)
Hong Kong,Trailers,Trailer: The Secret Life of My Secretary (PH)
Hong Kong,Trailers,Trailer: Thirty but Seventeen (PH)
Hong Kong,Trailers,Trailer: Trap (PH)
Hong Kong,Trailers,Trailer: Two Cops (PH)
Hong Kong,Trailers,Trailer: Welcome to Waikiki (PH)
Hong Kong,Trailers,Trailer: Welcome to Waikiki 2 (PH)
Hong Kong,Trailers,Trailer: Wok of Love (PH)
Hong Kong,Trailers,Trailer: euromaxx (HK_ENG)
Hong Kong,Trailers,Trailer:Gordon Ramsay's 24 Hours Hell & Back(ENG)
Hong Kong,Trailers,Trailer:Gordon Ramsay's Cookery Course(ENG)
Hong Kong,Viu Original,BFF Insider (Clean)
Hong Kong,Viu Original,Halustik (Viu Originals)
Hong Kong,Viu Original,Hello K-Idol
Hong Kong,Viu Original,Hello K-Idol ExclusiVlogs
Hong Kong,Viu Original,Hello K-Idol Special and Behind the Scenes
Hong Kong,Viu Original,Hoh Family
Hong Kong,Viu Original,KZL (Viu Originals)
Hong Kong,Viu Original,Kenapa Harus Bule (Viu Originals)
Hong Kong,Viu Original,Knock Out Girl (Viu Originals)
Hong Kong,Viu Original,No Sleep No FOMO (2019)
Hong Kong,Viu Original,No Sleep No FOMO Launch Party
Hong Kong,Viu Original,Retire to Queen
Hong Kong,Viu Original,Rewrite (Viu Originals)
Hong Kong,Viu Original,Switch (Viu Orignals)
Hong Kong,Viu Original,The Bridge (Viu Original)
Hong Kong,Viu Original,The Publicist (Viu Originals)
Hong Kong,Viu Original,Viu Shorts (Viu Original)
Hong Kong,中港台劇,"20-30 Dictionary"
Hong Kong,中港台劇,Academy of Detectives
Hong Kong,中港台劇,Amour et Patisserie
Hong Kong,中港台劇,Any lie can become Truth
Hong Kong,中港台劇,Bad Boys’ Diary
Hong Kong,中港台劇,Boy Hood
Hong Kong,中港台劇,Boys & Girls
Hong Kong,中港台劇,Close Your Eyes Before It's Dark
Hong Kong,中港台劇,Constellation Women Series -  Pisces Woman
Hong Kong,中港台劇,Constellation Women Series - Aquarius Woman
Hong Kong,中港台劇,Constellation Women Series - Aries Woman
Hong Kong,中港台劇,Constellation Women Series - Capricorn Woman
Hong Kong,中港台劇,Constellation Women Series - Leo Woman
Hong Kong,中港台劇,DBS SPARKS
Hong Kong,中港台劇,Delicious Destiny
Hong Kong,中港台劇,Demi-Gods and Semi-Devils
Hong Kong,中港台劇,Diamond Lover
Hong Kong,中港台劇,Diamond Lover 2
Hong Kong,中港台劇,Die Sterntaler
Hong Kong,中港台劇,Game of Hunting
Hong Kong,中港台劇,HIStory3
Hong Kong,中港台劇,"Have you ever fallen in Love, Miss Jiang?"
Hong Kong,中港台劇,Heart of Steel
Hong Kong,中港台劇,"I am sorry, I love you"
Hong Kong,中港台劇,Interviews: Shadow of Justice
Hong Kong,中港台劇,Iron Ladies
Hong Kong,中港台劇,Legend Of Fu Yao
Hong Kong,中港台劇,Legend Of Fu Yao (Cantonese)
Hong Kong,中港台劇,Life Plan A and B
Hong Kong,中港台劇,Life Plan A and B (Cantonese)
Hong Kong,中港台劇,Love & Life & Lie
Hong Kong,中港台劇,Love Storm
Hong Kong,中港台劇,Love Touch
Hong Kong,中港台劇,Love and 3.14159
Hong Kong,中港台劇,Lovestore at the Corner
Hong Kong,中港台劇,"Marry Me, or Not?"
Hong Kong,中港台劇,"Marry Me, or Not? (Cantonese)"
Hong Kong,中港台劇,Marry or Not
Hong Kong,中港台劇,Material Queen
Hong Kong,中港台劇,My Dear Boy
Hong Kong,中港台劇,My True Friend
Hong Kong,中港台劇,Next Heroes
Hong Kong,中港台劇,Only side by side with you
Hong Kong,中港台劇,Our Glamorous Time
Hong Kong,中港台劇,Palace
Hong Kong,中港台劇,Police Tactical Unit (Cantonese)
Hong Kong,中港台劇,Police Tactical Unit (Mandarin)
Hong Kong,中港台劇,Princess Agents
Hong Kong,中港台劇,Retire to Queen
Hong Kong,中港台劇,Rock Love Story
Hong Kong,中港台劇,Royal Sister Returns
Hong Kong,中港台劇,Royal Tramp
Hong Kong,中港台劇,Shadow of Justice (Cantonese version)
Hong Kong,中港台劇,Shadow of Justice (Mandarin version)
Hong Kong,中港台劇,Shia Wa Se
Hong Kong,中港台劇,Shining Days
Hong Kong,中港台劇,Shuttle Love Millennium
Hong Kong,中港台劇,Shuttle Love Millennium (Cantonese)
Hong Kong,中港台劇,Slacker's Food Diary
Hong Kong,中港台劇,Stairway to Stardom
Hong Kong,中港台劇,Star April
Hong Kong,中港台劇,Star April (Cantonese)
Hong Kong,中港台劇,Swordsman
Hong Kong,中港台劇,Teacher Gangster
Hong Kong,中港台劇,The Evolution of Our Love
Hong Kong,中港台劇,The Ex-man
Hong Kong,中港台劇,The Heaven Sword and Dragon Saber
Hong Kong,中港台劇,The Late Night Shop
Hong Kong,中港台劇,The Man From Future
Hong Kong,中港台劇,The Return of the Condor Heroes
Hong Kong,中港台劇,The Starry Night The Starry Sea Season 2
Hong Kong,中港台劇,The Starry Night The Starry Sea Season1
Hong Kong,中港台劇,The Virtuous Queen of Han
Hong Kong,中港台劇,The War of Beauties
Hong Kong,中港台劇,Thirty something
Hong Kong,中港台劇,Three Exits To Love
Hong Kong,中港台劇,What and what cool summer
Hong Kong,中港台劇,YCTG (HK)
Hong Kong,亞洲綜藝,"2018 MBC Idol Star Athletics Championships"
Hong Kong,亞洲綜藝,"40's Spring (2017)"
Hong Kong,亞洲綜藝,All For One
Hong Kong,亞洲綜藝,BeeTheQueen Beauty Channel
Hong Kong,亞洲綜藝,Beyond Show
Hong Kong,亞洲綜藝,Busan One Asia Festival (2016)
Hong Kong,亞洲綜藝,Chef Celebrities Season 4
Hong Kong,亞洲綜藝,Colorful World
Hong Kong,亞洲綜藝,Creaking Heroes (2018)
Hong Kong,亞洲綜藝,Dunia (2018)
Hong Kong,亞洲綜藝,Entertainment Weekly (HK)
Hong Kong,亞洲綜藝,Gang Of Ghosts
Hong Kong,亞洲綜藝,Go Wardrobe
Hong Kong,亞洲綜藝,I Live Alone (2015)
Hong Kong,亞洲綜藝,I Live Alone (2017)
Hong Kong,亞洲綜藝,I Live Alone (2018)
Hong Kong,亞洲綜藝,I Live Alone (2018) (Dual Sub Hong Kong)
Hong Kong,亞洲綜藝,I Live Alone (2019)
Hong Kong,亞洲綜藝,I live alone (2016)
Hong Kong,亞洲綜藝,Idea Show
Hong Kong,亞洲綜藝,Infinite Challenge (2015)
Hong Kong,亞洲綜藝,Infinite Challenge (2016)
Hong Kong,亞洲綜藝,Infinite Challenge (2017)
Hong Kong,亞洲綜藝,Infinite Challenge (2018)
Hong Kong,亞洲綜藝,Infinite Challenge’s Legends
Hong Kong,亞洲綜藝,It's Dangerous Beyond The Blankets (2017)
Hong Kong,亞洲綜藝,It's Dangerous Beyond The Blankets (2018)
Hong Kong,亞洲綜藝,Just Married (2015)
Hong Kong,亞洲綜藝,Just Married (2016)
Hong Kong,亞洲綜藝,KBS Drama Awards (2016)
Hong Kong,亞洲綜藝,KBS Entertainment Awards (2016)
Hong Kong,亞洲綜藝,KBS Song Festival (2016)
Hong Kong,亞洲綜藝,King Of Mask Singer (2017)
Hong Kong,亞洲綜藝,King Of Mask Singer (2018)
Hong Kong,亞洲綜藝,King of Mask Singer (2019)
Hong Kong,亞洲綜藝,King of the Mask Singer (2015)
Hong Kong,亞洲綜藝,King of the Mask Singer (2016)
Hong Kong,亞洲綜藝,Lunch Time (2018)
Hong Kong,亞洲綜藝,MAMA2016
Hong Kong,亞洲綜藝,MBC Drama Awards (2017)
Hong Kong,亞洲綜藝,MBC Drama Awards (2018)
Hong Kong,亞洲綜藝,MBC Entertainment Awards (2017)
Hong Kong,亞洲綜藝,MBC Entertainment Awards (2018)
Hong Kong,亞洲綜藝,MBC Music Festival (2017)
Hong Kong,亞洲綜藝,MBC Music Festival (2018)
Hong Kong,亞洲綜藝,Make me Viral
Hong Kong,亞洲綜藝,My Dream Trip (HK)
Hong Kong,亞洲綜藝,My Little Television (2015)
Hong Kong,亞洲綜藝,My Little Television (2017)
Hong Kong,亞洲綜藝,My little television (2016)
Hong Kong,亞洲綜藝,Mystery Rank Show 123 (2017)
Hong Kong,亞洲綜藝,Mystery Rank Show 123 (2018)
Hong Kong,亞洲綜藝,National Husband (2018)
Hong Kong,亞洲綜藝,National Husband (2019)
Hong Kong,亞洲綜藝,Omniscient Interfering View (2018)
Hong Kong,亞洲綜藝,Omniscient Interfering View (2019)
Hong Kong,亞洲綜藝,Omniscient Interfering View Special (2018)
Hong Kong,亞洲綜藝,On the Border (2018)
Hong Kong,亞洲綜藝,Perfect Match 2017
Hong Kong,亞洲綜藝,Questions Change the World
Hong Kong,亞洲綜藝,Radio Star (2015)
Hong Kong,亞洲綜藝,Radio Star (2016)
Hong Kong,亞洲綜藝,Radio Star (2017)
Hong Kong,亞洲綜藝,Radio Star (2018)
Hong Kong,亞洲綜藝,Radio Star (2019)
Hong Kong,亞洲綜藝,Real Men 2 (2015)
Hong Kong,亞洲綜藝,Real Men 2 (2016)
Hong Kong,亞洲綜藝,Real Men 300 (2018)
Hong Kong,亞洲綜藝,Real Men 300 (2019)
Hong Kong,亞洲綜藝,Roommates (2017)
Hong Kong,亞洲綜藝,Roommates (2018)
Hong Kong,亞洲綜藝,Secretly and Greatly (2016)
Hong Kong,亞洲綜藝,Secretly and Greatly (2017)
Hong Kong,亞洲綜藝,Sherlock's Room (2017)
Hong Kong,亞洲綜藝,Show! Music Core (2015)
Hong Kong,亞洲綜藝,Show! Music Core (2017)
Hong Kong,亞洲綜藝,Show! Music Core (2018)
Hong Kong,亞洲綜藝,Show! Music Core (2019)
Hong Kong,亞洲綜藝,Show! music core (2016)
Hong Kong,亞洲綜藝,Song Ji Hyo's Beauty View (2017)
Hong Kong,亞洲綜藝,Street Dance of China Season 2
Hong Kong,亞洲綜藝,Super Entourage
Hong Kong,亞洲綜藝,The Rap of China 2019
Hong Kong,亞洲綜藝,The amazing Magicians
Hong Kong,亞洲綜藝,Under Nineteen
Hong Kong,亞洲綜藝,Under Nineteen (2019)
Hong Kong,亞洲綜藝,Unexpected Q
Hong Kong,亞洲綜藝,We Got Married (2017)
Hong Kong,亞洲綜藝,We are in Love Season 3
Hong Kong,亞洲綜藝,Wizard of Nowhere (2017)
Hong Kong,亞洲綜藝,Wizard of Nowhere (2018)
Hong Kong,亞洲綜藝,Wok the World (2018)
Hong Kong,娛樂,Asia Entertainment
Hong Kong,娛樂,Endorsement collection
Hong Kong,娛樂,K1 endorsement
Hong Kong,娛樂,K1_Daily News
Hong Kong,娛樂,K1_Dispatch Exclusive
Hong Kong,娛樂,K1_Features
Hong Kong,娛樂,Love Channel (Dior)
Hong Kong,娛樂,New year greeting
Hong Kong,娛樂,The Time of Peanut
Hong Kong,日劇,A Clinic on the Sea
Hong Kong,日劇,AKB Horror Night　Adrenaline Nights
Hong Kong,日劇,AKB Love Night Love Factory
Hong Kong,日劇,Age Harassment
Hong Kong,日劇,Aoihonoo
Hong Kong,日劇,BORDER
Hong Kong,日劇,BORDER Redemption (Cantonese)
Hong Kong,日劇,BORDER The Urge (Cantonese)
Hong Kong,日劇,BORDER The Urge ~Medical Examiner Mika HIGA
Hong Kong,日劇,Black Leather Book
Hong Kong,日劇,Black Leather Notebook (Cantonese)
Hong Kong,日劇,Border Redemption
Hong Kong,日劇,Brave “YOSHIHIKO” and the seven driven people
Hong Kong,日劇,CRISIS
Hong Kong,日劇,Cecile’s Plot
Hong Kong,日劇,Cheering Beat For Tomorrow
Hong Kong,日劇,Comes Morning
Hong Kong,日劇,Confidence Man JP
Hong Kong,日劇,Confidence Man JP SP
Hong Kong,日劇,Crime Syndrome
Hong Kong,日劇,Crime Syndrome Season 2
Hong Kong,日劇,DELE
Hong Kong,日劇,Daughter of Lupin
Hong Kong,日劇,Detective vs Detectives
Hong Kong,日劇,Everyone's Getting Married
Hong Kong,日劇,Forget Me Not
Hong Kong,日劇,Fruits Delivery Service
Hong Kong,日劇,Fugitive Boys
Hong Kong,日劇,Giver
Hong Kong,日劇,Gokuaku Ganbo
Hong Kong,日劇,Good Doctor (JP)
Hong Kong,日劇,"Good-bye, Enari-kun"
Hong Kong,日劇,Hakugin Jack
Hong Kong,日劇,Hirugao ~ Love Affairs in the Afternoon ~
Hong Kong,日劇,Hours of My Life
Hong Kong,日劇,I TURN
Hong Kong,日劇,It's All About The Looks
Hong Kong,日劇,It’s All About the Looks
Hong Kong,日劇,Kimi wa Pet
Hong Kong,日劇,Kimi wa Pet (Cantonese)
Hong Kong,日劇,Lady Girls
Hong Kong,日劇,Legal V
Hong Kong,日劇,Love  Cop
Hong Kong,日劇,Love Song
Hong Kong,日劇,MPD NASHIGOREN SECTION
Hong Kong,日劇,MPD:Animal Unit
Hong Kong,日劇,Mischievous Kiss 2 - Love in TOKYO
Hong Kong,日劇,Mother-in-Law vs Daughter-in-Law S1
Hong Kong,日劇,Mother-in-Law vs Daughter-in-Law S2
Hong Kong,日劇,Mother-in-Law vs Daughter-in-Law S3
Hong Kong,日劇,Mother-in-Law vs Daughter-in-Law S4
Hong Kong,日劇,My Little Lover～Minami kun no koibito
Hong Kong,日劇,Naomi & Kanko
Hong Kong,日劇,Natsuko Kira
Hong Kong,日劇,Night Hero NAOTO
Hong Kong,日劇,Nobunaga Concerto
Hong Kong,日劇,Oh my Jump
Hong Kong,日劇,Ossan's Love SP
Hong Kong,日劇,Ossan’s Love
Hong Kong,日劇,Ossan’s Love (Cantonese)
Hong Kong,日劇,OtokoMeshi
Hong Kong,日劇,"PLAY BALL! BE""M""ARS"
Hong Kong,日劇,Painless
Hong Kong,日劇,Princess Jellyfish
Hong Kong,日劇,Queen
Hong Kong,日劇,Residential Complex
Hong Kong,日劇,S.D.B N P A S D B
Hong Kong,日劇,SIGN (2019 J-Drama)
Hong Kong,日劇,SPECIALIST
Hong Kong,日劇,"Sachiko, Lost and Found"
Hong Kong,日劇,Second to Last Love 2
Hong Kong,日劇,Seven Ms. Prisoners
Hong Kong,日劇,Shinjuku Seven
Hong Kong,日劇,Slited mouthed woman 1
Hong Kong,日劇,Slited mouthed woman 2
Hong Kong,日劇,Slited mouthed woman 3
Hong Kong,日劇,Tamagawa Ward Office of the Dead
Hong Kong,日劇,The Habitation
Hong Kong,日劇,The Memory
Hong Kong,日劇,The Morality
Hong Kong,日劇,The Prime Minister's Chef
Hong Kong,日劇,The Public Enemy
Hong Kong,日劇,The Single Teacher Miss Hayako
Hong Kong,日劇,The Spark
Hong Kong,日劇,The Supporting Actors
Hong Kong,日劇,The proof of mothers' Lives
Hong Kong,日劇,Tokyo Bachelors
Hong Kong,日劇,Tokyo Sentimental
Hong Kong,日劇,Tokyo Sentimental SP
Hong Kong,日劇,Tokyo Sentimental Special (Cantonese)
Hong Kong,日劇,Truth of Zero
Hong Kong,日劇,Unlucky day
Hong Kong,日劇,Virgins! Back to High School
Hong Kong,日劇,What Did You Eat Yesterday?
Hong Kong,日劇,"Winter, Grasping Love"
Hong Kong,日劇,Wise and Foolish
Hong Kong,日劇,Yellow Taped Newswoman
Hong Kong,日本動畫,A Certain Scientific Accelerator
Hong Kong,日本動畫,A Chivalry of the Failed Knight
Hong Kong,日本動畫,A Place Further Than The Universe
Hong Kong,日本動畫,Ace of Diamond actII
Hong Kong,日本動畫,Alderamin on the Sky
Hong Kong,日本動畫,Ancient Magus Bride
Hong Kong,日本動畫,Ancient Magus Bride OVA
Hong Kong,日本動畫,Ani-world
Hong Kong,日本動畫,Bakuon!!
Hong Kong,日本動畫,Berserk
Hong Kong,日本動畫,Berserk SR2
Hong Kong,日本動畫,Black Clover
Hong Kong,日本動畫,Blade of Demon Destruction
Hong Kong,日本動畫,Bungo Stray Dogs 2
Hong Kong,日本動畫,Bungo Stray Dogs 2 OVA
Hong Kong,日本動畫,Chess Tamashi
Hong Kong,日本動畫,Chronos Ruler
Hong Kong,日本動畫,Code Geass
Hong Kong,日本動畫,Code Geass R2
Hong Kong,日本動畫,Comet Lucifer
Hong Kong,日本動畫,Concrete Revolutio
Hong Kong,日本動畫,Concrete Revolutio (Season 2)
Hong Kong,日本動畫,Crayon Shin Chan
Hong Kong,日本動畫,DARLING in the FRANXX
Hong Kong,日本動畫,Death Note
Hong Kong,日本動畫,Death Note OVA
Hong Kong,日本動畫,Digimon Adventure tri.
Hong Kong,日本動畫,Divine Gate
Hong Kong,日本動畫,Dragon Ball Super
Hong Kong,日本動畫,Erased
Hong Kong,日本動畫,Fate series: The Case Files of Lord El-Melloi II
Hong Kong,日本動畫,Flying Witch
Hong Kong,日本動畫,Food Wars! Shokugeki no Soma
Hong Kong,日本動畫,Food Wars! Shokugeki no Soma - The Third Plate
Hong Kong,日本動畫,Food Wars!: Shokugeki no Soma – The Second Plate
Hong Kong,日本動畫,Full Metal Panic! Invisible Victory
Hong Kong,日本動畫,Fullmetal Alchemist
Hong Kong,日本動畫,Fullmetal Alchemist Brotherhood
Hong Kong,日本動畫,Garo The Animation 2
Hong Kong,日本動畫,Goblin Slayer
Hong Kong,日本動畫,Harukana Receive
Hong Kong,日本動畫,Holmes of Kyoto
Hong Kong,日本動畫,How Not to Summon a Demon Lord
Hong Kong,日本動畫,Hunter x Hunter
Hong Kong,日本動畫,If It's for My Daughter
Hong Kong,日本動畫,Initial D Fifth Stage
Hong Kong,日本動畫,Initial D First Stage
Hong Kong,日本動畫,Initial D Fourth Stage
Hong Kong,日本動畫,Initial D Second Stage
Hong Kong,日本動畫,Initial D Third Stage
Hong Kong,日本動畫,Initial D final stage
Hong Kong,日本動畫,Interviews with Monster Girls
Hong Kong,日本動畫,Is the order a Rabbit??
Hong Kong,日本動畫,JoJo's Bizarre Adventure (Season 1)
Hong Kong,日本動畫,JoJo's Bizarre Adventure (Season 2)
Hong Kong,日本動畫,JoJo's Bizarre Adventure (Season 3)
Hong Kong,日本動畫,KEIJO!!!!!!!! Hip Whip Girl
Hong Kong,日本動畫,KONOSUBA S1
Hong Kong,日本動畫,KONOSUBA S2
Hong Kong,日本動畫,Kaguya-sama: Love Is War
Hong Kong,日本動畫,King's game
Hong Kong,日本動畫,"Kiss Him, Not Me"
Hong Kong,日本動畫,Kono Oto Tomare! Sounds of Life
Hong Kong,日本動畫,Love Live! School Idol Project (Season 1)
Hong Kong,日本動畫,Love Live! School Idol Project (Season 2)
Hong Kong,日本動畫,Love Live! Sunshine!!
Hong Kong,日本動畫,Love Live! Sunshine!! Season 2
Hong Kong,日本動畫,March Comes in like a Lion
Hong Kong,日本動畫,March Comes in like a Lion Season 2
Hong Kong,日本動畫,March Comes in like a Lion Special
Hong Kong,日本動畫,Marginal#4
Hong Kong,日本動畫,Mazinger Z
Hong Kong,日本動畫,Mr. Osomatsu season1
Hong Kong,日本動畫,Mr. Osomatsu season2
Hong Kong,日本動畫,NANBAKA
Hong Kong,日本動畫,NANBAKA Season 2
Hong Kong,日本動畫,Natsume's Book of Friends Five
Hong Kong,日本動畫,Natsume's Book of Friends Five Special
Hong Kong,日本動畫,Natsume's Book of Friends Six
Hong Kong,日本動畫,One Piece
Hong Kong,日本動畫,Osakefufu
Hong Kong,日本動畫,Overlord Season 2
Hong Kong,日本動畫,Overlord Season 3
Hong Kong,日本動畫,Owarimonogatari Seaon Two
Hong Kong,日本動畫,Phantasy Star Online 2
Hong Kong,日本動畫,Prince of Stride Alternative
Hong Kong,日本動畫,Rascal Does Not Dream of Bunny Girl Senpai
Hong Kong,日本動畫,ReLIFE
Hong Kong,日本動畫,Restaurant to Another World
Hong Kong,日本動畫,Rewrite
Hong Kong,日本動畫,Rewrite SR2
Hong Kong,日本動畫,Run with the Wind
Hong Kong,日本動畫,SSSS.GRIDMAN
Hong Kong,日本動畫,Slam Dunk
Hong Kong,日本動畫,Slam Dunk (Cantonese)
Hong Kong,日本動畫,Sword Oratoria
Hong Kong,日本動畫,Sword Oratoria S2
Hong Kong,日本動畫,That Time I Got Reincarnated as a Slime
Hong Kong,日本動畫,The Asterisk War(Season 1)
Hong Kong,日本動畫,The Asterisk War(Season 2)
Hong Kong,日本動畫,The Case Files of Lord El-Melloi II
Hong Kong,日本動畫,The Morose Mononokea
Hong Kong,日本動畫,The Morose Mononokean S2
Hong Kong,日本動畫,The Perfect Insider
Hong Kong,日本動畫,The Price of Smiles (HK)
Hong Kong,日本動畫,Toriko
Hong Kong,日本動畫,Tsurezure Children
Hong Kong,日本動畫,Ushio and Tora(Season 1)
Hong Kong,日本動畫,Ushio and Tora(Season 2)
Hong Kong,日本動畫,Ushio and Tora(Season 3)
Hong Kong,日本動畫,Yamada kun to Nananin no Majo
Hong Kong,日本動畫,You don't know Gunma yet
Hong Kong,日本動畫,Yuuna and the Haunted Hot Springs
Hong Kong,會員專區,HK Promo : ztore
Hong Kong,會員專區,HK Promotion : Samsung TV
Hong Kong,泰劇,Dead Time Stories
Hong Kong,泰劇,Dead Time Stories 2
Hong Kong,泰劇,Devil Angel (HK)
Hong Kong,泰劇,Devil Angel (TH)
Hong Kong,泰劇,Fated to Love You
Hong Kong,泰劇,Fated to Love You (Cantonese)
Hong Kong,泰劇,For You
Hong Kong,泰劇,Horror Dimension (2015)
Hong Kong,泰劇,Horror Dimension (2016)
Hong Kong,泰劇,Horror Dimension (2017)
Hong Kong,泰劇,I See You
Hong Kong,泰劇,Kiss Me (Cantonese)
Hong Kong,泰劇,Kiss The Series
Hong Kong,泰劇,Love And Lies
Hong Kong,泰劇,Love at First Hate
Hong Kong,泰劇,Lovey Dovey (Cantonese)
Hong Kong,泰劇,My Girl (Thai version)
Hong Kong,泰劇,Princess Hours (Cantonese)
Hong Kong,泰劇,Princess Hours Thailand
Hong Kong,泰劇,Prisana Akat
Hong Kong,泰劇,Pure Intention
Hong Kong,泰劇,The Battle of Stars
Hong Kong,泰劇,The Scarlet Night
Hong Kong,泰劇,Theatre of Vengeance
Hong Kong,泰劇,Waen Dok Mai
Hong Kong,泰劇,Wolf
Hong Kong,泰劇,kiss me
Hong Kong,泰劇,lovey dovey
Hong Kong,韓劇,"100 Days My Prince"
Hong Kong,韓劇,"100 Days My Prince SP"
Hong Kong,韓劇,"12 Years Promise"
Hong Kong,韓劇,A Poem A Day
Hong Kong,韓劇,A Witch's Love
Hong Kong,韓劇,A-TEEN
Hong Kong,韓劇,ARGON
Hong Kong,韓劇,About Time
Hong Kong,韓劇,Abyss
Hong Kong,韓劇,Advertising Genius Lee Tae Baek
Hong Kong,韓劇,Andante
Hong Kong,韓劇,Angel Eyes
Hong Kong,韓劇,Angel's Last Mission-Love
Hong Kong,韓劇,Another Miss Oh
Hong Kong,韓劇,At Eighteen
Hong Kong,韓劇,Bad Papa
Hong Kong,韓劇,Baek Hee Has Returned
Hong Kong,韓劇,Be Melodramatic
Hong Kong,韓劇,Be Shine or Be Mad
Hong Kong,韓劇,Beating Again
Hong Kong,韓劇,Beautiful World
Hong Kong,韓劇,Because This Is My First Life
Hong Kong,韓劇,Because this is my first life (Cantonese)
Hong Kong,韓劇,Begin Again
Hong Kong,韓劇,Bel Ami
Hong Kong,韓劇,Black Knight - The Man Who Guards Me
Hong Kong,韓劇,Black Knight - The Man Who Guards Me (Cantonese)
Hong Kong,韓劇,Brain
Hong Kong,韓劇,"Bring it on, Ghost"
Hong Kong,韓劇,"Bring it on, Ghost (Cantonese)"
Hong Kong,韓劇,Can we get married
Hong Kong,韓劇,Cheer Up Mr Kim
Hong Kong,韓劇,Cheese in the Trap
Hong Kong,韓劇,Cheese in the Trap (Cantonese)
Hong Kong,韓劇,Chief Kim
Hong Kong,韓劇,Children of 20th Century
Hong Kong,韓劇,Children of Nobody
Hong Kong,韓劇,Circle
Hong Kong,韓劇,Clean with Passion for Now (HK)
Hong Kong,韓劇,Come Back Alive
Hong Kong,韓劇,Come and Hug Me
Hong Kong,韓劇,Criminal Minds : Korea
Hong Kong,韓劇,Criminal Minds : Korea (Cantonese)
Hong Kong,韓劇,Cross
Hong Kong,韓劇,Cross (Cantonese)
Hong Kong,韓劇,Cyborg Mom
Hong Kong,韓劇,D-day
Hong Kong,韓劇,Deep Rooted Tree
Hong Kong,韓劇,Descendant of Sun
Hong Kong,韓劇,Descendant of Sun (Cantonese)
Hong Kong,韓劇,Discovery of Love
Hong Kong,韓劇,Doctor John
Hong Kong,韓劇,Doctor Prisoner
Hong Kong,韓劇,Doctors
Hong Kong,韓劇,Doubtful Victory
Hong Kong,韓劇,Drinking Solo
Hong Kong,韓劇,Drinking Solo (Cantonese)
Hong Kong,韓劇,Encounter (HK)
Hong Kong,韓劇,Endless love
Hong Kong,韓劇,Falsify
Hong Kong,韓劇,Fantastic
Hong Kong,韓劇,Fashion King
Hong Kong,韓劇,"Father, I'll Take Care of You"
Hong Kong,韓劇,Feel Good to Die
Hong Kong,韓劇,Feel Good to Die Preview
Hong Kong,韓劇,For You in All Blossom
Hong Kong,韓劇,Forever Enemies
Hong Kong,韓劇,Fox Bride Star
Hong Kong,韓劇,Full House
Hong Kong,韓劇,Full House 2
Hong Kong,韓劇,Gabdong - The Serial Killer
Hong Kong,韓劇,Goblin
Hong Kong,韓劇,Goblin Special
Hong Kong,韓劇,Golden Pouch
Hong Kong,韓劇,Goodbye Mr. Black
Hong Kong,韓劇,Goodbye Mr. Black (Cantonese)
Hong Kong,韓劇,Gu Family Secret
Hong Kong,韓劇,Gu Family Secret (Cantonese)
Hong Kong,韓劇,Gunman in Joseon
Hong Kong,韓劇,Haechi
Hong Kong,韓劇,Happy Ending Once Again
Hong Kong,韓劇,He is Psychometric
Hong Kong,韓劇,He is Psychometric Special
Hong Kong,韓劇,Hello My Twenties!
Hong Kong,韓劇,Hello My Twenties! 2
Hong Kong,韓劇,Hi School
Hong Kong,韓劇,Hide and Seek (MBC)
Hong Kong,韓劇,Hold Me Tight
Hong Kong,韓劇,Hospital Ship
Hong Kong,韓劇,Hospital Ship Special
Hong Kong,韓劇,Hotel Del Luna
Hong Kong,韓劇,Hotel Del Luna (HK-sponsored version)
Hong Kong,韓劇,I Am Not a Robot
Hong Kong,韓劇,Innocent Defendant
Hong Kong,韓劇,Innocent Defendant (Cantonese)
Hong Kong,韓劇,Into the flames
Hong Kong,韓劇,Item
Hong Kong,韓劇,Item Special
Hong Kong,韓劇,Jeon Woo Chi
Hong Kong,韓劇,Justice
Hong Kong,韓劇,Legal High
Hong Kong,韓劇,Less than Evil
Hong Kong,韓劇,Let Me Introduce Her
Hong Kong,韓劇,Let's Eat! 3
Hong Kong,韓劇,Listen to Love
Hong Kong,韓劇,Love Alert
Hong Kong,韓劇,Love History of girl
Hong Kong,韓劇,Love Like Flower
Hong Kong,韓劇,Love in the Moonlight
Hong Kong,韓劇,Love in the Moonlight (Cantonese)
Hong Kong,韓劇,Love in the Moonlight Special
Hong Kong,韓劇,Luck Giver
Hong Kong,韓劇,Lucky Romance
Hong Kong,韓劇,Mad Dog
Hong Kong,韓劇,Madame Antoine
Hong Kong,韓劇,Mama Fairy and the Woodcutter
Hong Kong,韓劇,Man Who Dies to Live
Hong Kong,韓劇,Man to Man
Hong Kong,韓劇,Manhole
Hong Kong,韓劇,Marriage Contract
Hong Kong,韓劇,Melody of Love
Hong Kong,韓劇,Mi Mi
Hong Kong,韓劇,Midnight Dinner
Hong Kong,韓劇,Missing9
Hong Kong,韓劇,Missing9 Special
Hong Kong,韓劇,Misty
Hong Kong,韓劇,Misty (Cantonese)
Hong Kong,韓劇,Money Flower
Hong Kong,韓劇,Monstar
Hong Kong,韓劇,Monster
Hong Kong,韓劇,Moorim School
Hong Kong,韓劇,Ms. Hammurabi
Hong Kong,韓劇,My Absolute Boyfriend
Hong Kong,韓劇,My Dear Cat
Hong Kong,韓劇,My First Time
Hong Kong,韓劇,My Horrible Boss
Hong Kong,韓劇,"My Husband, Mr. Oh!"
Hong Kong,韓劇,My ID is Gangnam Beauty
Hong Kong,韓劇,"My Lawyer, Mr. Joe"
Hong Kong,韓劇,"My Lawyer, Mr. Joe (Cantonese)"
Hong Kong,韓劇,My Sassy Girl
Hong Kong,韓劇,My Shy Boss
Hong Kong,韓劇,My Shy Boss (Cantonese)
Hong Kong,韓劇,My Shy Boss: The Beginning
Hong Kong,韓劇,Naked Fireman
Hong Kong,韓劇,Ohlala Couple
Hong Kong,韓劇,On the Way to the Airport
Hong Kong,韓劇,On the Way to the Airport (Cantonese)
Hong Kong,韓劇,One Night Memory
Hong Kong,韓劇,Padam Padam
Hong Kong,韓劇,Parting Left
Hong Kong,韓劇,Partners for Justice
Hong Kong,韓劇,Partners for Justice 2
Hong Kong,韓劇,Pied Piper
Hong Kong,韓劇,Ping Pong Ball
Hong Kong,韓劇,Plus Nine Boys
Hong Kong,韓劇,Possessed
Hong Kong,韓劇,Promise of 1000 Days
Hong Kong,韓劇,Queen for Seven Days
Hong Kong,韓劇,Queen for Seven Days (Cantonese)
Hong Kong,韓劇,Queen of Mystery
Hong Kong,韓劇,Queen of Mystery (Cantonese)
Hong Kong,韓劇,Queen of Mystery 2
Hong Kong,韓劇,Queen of Mystery 2 (Cantonese)
Hong Kong,韓劇,Quiz from God - Reboot
Hong Kong,韓劇,Radiant Office
Hong Kong,韓劇,Rain or Shine
Hong Kong,韓劇,Remember you
Hong Kong,韓劇,Reply 1988
Hong Kong,韓劇,Reply 1994
Hong Kong,韓劇,Reply 1997
Hong Kong,韓劇,Reset
Hong Kong,韓劇,Return of Fortunate Bok
Hong Kong,韓劇,Revenge Is Back
Hong Kong,韓劇,Reverse
Hong Kong,韓劇,Riders
Hong Kong,韓劇,Rosy day
Hong Kong,韓劇,Rude Miss Young Ae Season 15
Hong Kong,韓劇,Rude Miss Young Ae Season 16
Hong Kong,韓劇,Scholar Who Walks the Night
Hong Kong,韓劇,Scholar Who Walks the Night (Cantonese)
Hong Kong,韓劇,School (2015)
Hong Kong,韓劇,School 2017
Hong Kong,韓劇,Secret Affair
Hong Kong,韓劇,Secret Garden
Hong Kong,韓劇,Secret Healer
Hong Kong,韓劇,Secret and Lies
Hong Kong,韓劇,Seventeen
Hong Kong,韓劇,Shall We Kiss First?
Hong Kong,韓劇,She Was Pretty
Hong Kong,韓劇,Shopaholic Louis
Hong Kong,韓劇,Single Wife
Hong Kong,韓劇,Sisters-in-law
Hong Kong,韓劇,Sketch
Hong Kong,韓劇,Sketch (Cantonese)
Hong Kong,韓劇,Sky Castle
Hong Kong,韓劇,Sky Castle Special
Hong Kong,韓劇,Solomon's Perjury
Hong Kong,韓劇,"Songgot, the Pierce"
Hong Kong,韓劇,Special: Uncontrollably Fond
Hong Kong,韓劇,Spy Myung Wol
Hong Kong,韓劇,Strong Woman Do Bong Soon
Hong Kong,韓劇,Suits (Korea)
Hong Kong,韓劇,Sweet Family
Hong Kong,韓劇,Teacher Oh Soon Nam
Hong Kong,韓劇,Temperature of Love
Hong Kong,韓劇,Temperature of Love (Cantonese)
Hong Kong,韓劇,Temptation
Hong Kong,韓劇,Tempted
Hong Kong,韓劇,Terius Behind Me
Hong Kong,韓劇,The Beauty Inside
Hong Kong,韓劇,The Bride of Habaek
Hong Kong,韓劇,The Bride of Habaek (Cantonese)
Hong Kong,韓劇,The Chaser
Hong Kong,韓劇,The Crowned Clown
Hong Kong,韓劇,The Crowned Clown Special
Hong Kong,韓劇,The Emperor: Owner of the Mask
Hong Kong,韓劇,The Flower in Prison
Hong Kong,韓劇,The Ghost Detective
Hong Kong,韓劇,The Good Thieves
Hong Kong,韓劇,The Guardian
Hong Kong,韓劇,The Idle Mermaid
Hong Kong,韓劇,The Lady in Dignity
Hong Kong,韓劇,The Liar & His Lover
Hong Kong,韓劇,The Liar and His Lover (Cantonese)
Hong Kong,韓劇,The Light in Your Eyes
Hong Kong,韓劇,The Light in Your Eyes (HK)
Hong Kong,韓劇,The Merchant Gaekju (2015)
Hong Kong,韓劇,The Privileged
Hong Kong,韓劇,The Rebel
Hong Kong,韓劇,The Rebel Prelude
Hong Kong,韓劇,The Royal Gambler
Hong Kong,韓劇,The Secret Life of My Secretary
Hong Kong,韓劇,The Third Charm
Hong Kong,韓劇,The Three Musketeers S1
Hong Kong,韓劇,The Time we weren't in Love
Hong Kong,韓劇,The Town: The Uninvited
Hong Kong,韓劇,The Wind Blows
Hong Kong,韓劇,Thirty but Seventeen
Hong Kong,韓劇,Three Colors of Fantasies
Hong Kong,韓劇,Time
Hong Kong,韓劇,To my beloved
Hong Kong,韓劇,Trap
Hong Kong,韓劇,Trap Special
Hong Kong,韓劇,Trot Lover
Hong Kong,韓劇,Two Cops
Hong Kong,韓劇,Uncontrollably Fond
Hong Kong,韓劇,Uncontrollably Fond (Cantonese)
Hong Kong,韓劇,Untouchable
Hong Kong,韓劇,Voice 3
Hong Kong,韓劇,W (Korean)
Hong Kong,韓劇,W Special
Hong Kong,韓劇,Watcher
Hong Kong,韓劇,Weightlifting Fairy Kim Bok Joo
Hong Kong,韓劇,Welcome 2 Life
Hong Kong,韓劇,Welcome to Waikiki
Hong Kong,韓劇,Welcome to Waikiki 2
Hong Kong,韓劇,Welcome to Waikiki Special
Hong Kong,韓劇,"What's Wrong, Poongsang?"
Hong Kong,韓劇,Whisper
Hong Kong,韓劇,Whisper (Cantonese)
Hong Kong,韓劇,Wild Romance
Hong Kong,韓劇,Wok of Love
Hong Kong,韓劇,Working Mom Stay Home Dad
Hong Kong,韓劇,You Drive Me Crazy
Hong Kong,韓劇,Your House Helper
Hong Kong,韓劇,missing korea
Hong Kong,韓劇,the secret message
Hong Kong,韓劇,top star: yoo-baek
Hong Kong,預告及製作花絮,BOF Trailer
Hong Kong,預告及製作花絮,Endorsement: Shadow of Justice
Hong Kong,預告及製作花絮,Game (60000Coupon)
Hong Kong,預告及製作花絮,Love in the Moonlight (Making of)
Hong Kong,預告及製作花絮,Making Of: Lucky Romance
Hong Kong,預告及製作花絮,Making of: What's Wrong Poong-sang
Hong Kong,預告及製作花絮,Making-of: Shadow of Justice
Hong Kong,預告及製作花絮,Misty (Trailer)
Hong Kong,預告及製作花絮,No Sleep No FOMO Launch Party
Hong Kong,預告及製作花絮,No Sleep No FOMO Launch Party (HK)
Hong Kong,預告及製作花絮,Press Con: Comes Morning
Hong Kong,預告及製作花絮,Press Con: Naomi & Kanko
Hong Kong,預告及製作花絮,Press Conference: Shadow of Justice
Hong Kong,預告及製作花絮,Songs: Shadow of Justice
Hong Kong,預告及製作花絮,TOPICREM
Hong Kong,預告及製作花絮,TR: Rascal Does Not Dream of Bunny Girl Senpai
Hong Kong,預告及製作花絮,Teaser: Creaking Heroes
Hong Kong,預告及製作花絮,The Single Teacher Miss Hayako Press Conference
Hong Kong,預告及製作花絮,The Spark Press Conference
Hong Kong,預告及製作花絮,Trailer : Shuttle Love Millennium
Hong Kong,預告及製作花絮,Trailer ：100 Days My Prince
Hong Kong,預告及製作花絮,Trailer ：Border redemption
Hong Kong,預告及製作花絮,"Trailer ：Have you ever fallen in Love, Miss Jiang"
Hong Kong,預告及製作花絮,Trailer ：Ms. Hammurabi
Hong Kong,預告及製作花絮,Trailer ：The Public Enemy
Hong Kong,預告及製作花絮,Trailer ：the ghost detective
Hong Kong,預告及製作花絮,Trailer:  No Sleep No FOMO (HK)
Hong Kong,預告及製作花絮,Trailer: 12 Years Promise
Hong Kong,預告及製作花絮,Trailer: 20-30 Dictionary
Hong Kong,預告及製作花絮,Trailer: 3 Colored Fantasy
Hong Kong,預告及製作花絮,Trailer: A Place Further Than The Universe
Hong Kong,預告及製作花絮,Trailer: A Poem A Day
Hong Kong,預告及製作花絮,Trailer: A-TEEN
Hong Kong,預告及製作花絮,Trailer: AD Genius
Hong Kong,預告及製作花絮,Trailer: ARGON (HK)
Hong Kong,預告及製作花絮,Trailer: About Time
Hong Kong,預告及製作花絮,Trailer: Abyss (HK)
Hong Kong,預告及製作花絮,Trailer: Ada’s Luxe Viu in Seoul
Hong Kong,預告及製作花絮,Trailer: All For One
Hong Kong,預告及製作花絮,Trailer: Ancient Magus Bride
Hong Kong,預告及製作花絮,Trailer: Ancient Magus Bride OVA
Hong Kong,預告及製作花絮,Trailer: Andante
Hong Kong,預告及製作花絮,Trailer: Angel Eyes
Hong Kong,預告及製作花絮,Trailer: Angel's Last Mission-Love (HK)
Hong Kong,預告及製作花絮,Trailer: Another Miss Oh
Hong Kong,預告及製作花絮,Trailer: At Eighteen (HK)
Hong Kong,預告及製作花絮,Trailer: Bad Papa
Hong Kong,預告及製作花絮,Trailer: Baek Hee Has Returned
Hong Kong,預告及製作花絮,Trailer: Be Melodramatic (HK)
Hong Kong,預告及製作花絮,Trailer: Beating Again
Hong Kong,預告及製作花絮,Trailer: Beautiful World (HK)
Hong Kong,預告及製作花絮,Trailer: Beauty Inside
Hong Kong,預告及製作花絮,Trailer: Because this is my first life
Hong Kong,預告及製作花絮,Trailer: Berserk
Hong Kong,預告及製作花絮,Trailer: Berserk SR2
Hong Kong,預告及製作花絮,Trailer: Black Knight - The Man Who Guards Me
Hong Kong,預告及製作花絮,Trailer: Black Leather Book
Hong Kong,預告及製作花絮,Trailer: Blade of Demon Destruction
Hong Kong,預告及製作花絮,Trailer: Border the urge
Hong Kong,預告及製作花絮,Trailer: Boy Hood
Hong Kong,預告及製作花絮,Trailer: Brain
Hong Kong,預告及製作花絮,"Trailer: Bring it on, Ghost (HK)"
Hong Kong,預告及製作花絮,Trailer: Bungo Stray Dogs 2
Hong Kong,預告及製作花絮,Trailer: CRISIS - Special Security Squad
Hong Kong,預告及製作花絮,Trailer: Can we get married
Hong Kong,預告及製作花絮,Trailer: Cecile’s Plot
Hong Kong,預告及製作花絮,Trailer: Cheese in the Trap
Hong Kong,預告及製作花絮,Trailer: Children of 20th Century
Hong Kong,預告及製作花絮,Trailer: Children of Nobody (HK)
Hong Kong,預告及製作花絮,Trailer: Circle
Hong Kong,預告及製作花絮,Trailer: Clean with Passion for Now (HK)
Hong Kong,預告及製作花絮,Trailer: Colorful World
Hong Kong,預告及製作花絮,Trailer: Come Back Alive
Hong Kong,預告及製作花絮,Trailer: Come and Hug Me
Hong Kong,預告及製作花絮,Trailer: Comes Morning
Hong Kong,預告及製作花絮,Trailer: Confidence Man JP
Hong Kong,預告及製作花絮,Trailer: Crime Syndrome
Hong Kong,預告及製作花絮,Trailer: Criminal Minds : Korea (HK)
Hong Kong,預告及製作花絮,Trailer: Cross (HK)
Hong Kong,預告及製作花絮,Trailer: DARLING in the FRANXX
Hong Kong,預告及製作花絮,Trailer: DELE
Hong Kong,預告及製作花絮,Trailer: Daughter of Lupin
Hong Kong,預告及製作花絮,Trailer: Dead Time Stories 2
Hong Kong,預告及製作花絮,Trailer: Death Note
Hong Kong,預告及製作花絮,Trailer: Deep Rooted Tree
Hong Kong,預告及製作花絮,Trailer: Delicious Destiny
Hong Kong,預告及製作花絮,Trailer: Descendant of Sun
Hong Kong,預告及製作花絮,Trailer: Devil Angel
Hong Kong,預告及製作花絮,Trailer: Digimon Adventure tri.
Hong Kong,預告及製作花絮,Trailer: Divine Gate
Hong Kong,預告及製作花絮,Trailer: Doctor John (HK)
Hong Kong,預告及製作花絮,Trailer: Doctors
Hong Kong,預告及製作花絮,Trailer: Dr. Prisoner
Hong Kong,預告及製作花絮,Trailer: Drinking Solo
Hong Kong,預告及製作花絮,Trailer: Duet Song Festival
Hong Kong,預告及製作花絮,Trailer: Dunia
Hong Kong,預告及製作花絮,Trailer: Encounter (HK)
Hong Kong,預告及製作花絮,Trailer: Everyone's Getting Married
Hong Kong,預告及製作花絮,Trailer: Falsify (HK)
Hong Kong,預告及製作花絮,Trailer: Fantastic
Hong Kong,預告及製作花絮,Trailer: Fashion King
Hong Kong,預告及製作花絮,"Trailer: Father, I'll Take Care of You"
Hong Kong,預告及製作花絮,Trailer: Feel Good to Die
Hong Kong,預告及製作花絮,Trailer: Food Wars!  - The Third Plate
Hong Kong,預告及製作花絮,Trailer: Food Wars! The Second Plate
Hong Kong,預告及製作花絮,Trailer: For You In Full Blossom
Hong Kong,預告及製作花絮,Trailer: For You in All Blossom
Hong Kong,預告及製作花絮,Trailer: For you
Hong Kong,預告及製作花絮,Trailer: Forever Enemies
Hong Kong,預告及製作花絮,Trailer: Fox Bride Star
Hong Kong,預告及製作花絮,Trailer: Fruits Delivery Service
Hong Kong,預告及製作花絮,Trailer: Full House 2
Hong Kong,預告及製作花絮,Trailer: Fullmetal Alchemist Brotherhood
Hong Kong,預告及製作花絮,Trailer: Game of Hunting
Hong Kong,預告及製作花絮,Trailer: Gang Of Ghosts
Hong Kong,預告及製作花絮,Trailer: Gap Dong
Hong Kong,預告及製作花絮,Trailer: Giver
Hong Kong,預告及製作花絮,Trailer: Goblin
Hong Kong,預告及製作花絮,Trailer: Goblin Slayer
Hong Kong,預告及製作花絮,Trailer: Golden Pouch
Hong Kong,預告及製作花絮,Trailer: Good Doctor
Hong Kong,預告及製作花絮,Trailer: Good Manager
Hong Kong,預告及製作花絮,Trailer: Goodbye Mr. Black
Hong Kong,預告及製作花絮,Trailer: Gordon Ramsay's 24 Hours Hell & Back (HK)
Hong Kong,預告及製作花絮,Trailer: Gu Family Secret
Hong Kong,預告及製作花絮,Trailer: Haechi
Hong Kong,預告及製作花絮,Trailer: Harukana Receive
Hong Kong,預告及製作花絮,Trailer: He is Psychometric (HK)
Hong Kong,預告及製作花絮,Trailer: Hello My Twenties!
Hong Kong,預告及製作花絮,Trailer: Hello My Twenties! 2
Hong Kong,預告及製作花絮,Trailer: Hide and seek
Hong Kong,預告及製作花絮,Trailer: Hoh Family 4 Freaks 4Fam (HK)
Hong Kong,預告及製作花絮,Trailer: Hold Me Tight
Hong Kong,預告及製作花絮,Trailer: Holmes of Kyoto
Hong Kong,預告及製作花絮,Trailer: Horror Dimension (2017)
Hong Kong,預告及製作花絮,Trailer: Hospital Ship (HK)
Hong Kong,預告及製作花絮,Trailer: Hotel Del Luna (HK)
Hong Kong,預告及製作花絮,Trailer: How Not to Summon a Demon Lord
Hong Kong,預告及製作花絮,Trailer: I Am Not a Robot
Hong Kong,預告及製作花絮,Trailer: I TURN
Hong Kong,預告及製作花絮,Trailer: I see you
Hong Kong,預告及製作花絮,Trailer: If It's for My Daughter
Hong Kong,預告及製作花絮,Trailer: Innocent Defendant
Hong Kong,預告及製作花絮,Trailer: Interviews with Monster Girls
Hong Kong,預告及製作花絮,Trailer: It's Dangerous Beyond The Blankets
Hong Kong,預告及製作花絮,Trailer: Item (HK)
Hong Kong,預告及製作花絮,Trailer: It’s All About the Looks
Hong Kong,預告及製作花絮,Trailer: Jamie's 15 Minute Meals (HK)
Hong Kong,預告及製作花絮,Trailer: Justice
Hong Kong,預告及製作花絮,Trailer: KBS Drama Awards 2016
Hong Kong,預告及製作花絮,Trailer: KBS Entertainment Awards 2016
Hong Kong,預告及製作花絮,Trailer: KBS Music Festival 2016
Hong Kong,預告及製作花絮,Trailer: KEIJO!!!!!!!! Hip Whip Girl
Hong Kong,預告及製作花絮,Trailer: KONOSUBA S1
Hong Kong,預告及製作花絮,Trailer: Kaguya-sama: Love Is War
Hong Kong,預告及製作花絮,"Trailer: Kiss Him, Not Me"
Hong Kong,預告及製作花絮,Trailer: Legal High(HK)
Hong Kong,預告及製作花絮,Trailer: Legal V
Hong Kong,預告及製作花絮,Trailer: Legend Of Fu Yao
Hong Kong,預告及製作花絮,Trailer: Less than Evil (HK)
Hong Kong,預告及製作花絮,Trailer: Let Me Introduce Her
Hong Kong,預告及製作花絮,Trailer: Let's Eat S3
Hong Kong,預告及製作花絮,Trailer: Life Plan A and B
Hong Kong,預告及製作花絮,Trailer: Listen to Love
Hong Kong,預告及製作花絮,Trailer: Love Alert
Hong Kong,預告及製作花絮,Trailer: Love History of girl
Hong Kong,預告及製作花絮,Trailer: Love Like Flower
Hong Kong,預告及製作花絮,Trailer: Love Live! Sunshine!!
Hong Kong,預告及製作花絮,Trailer: Love Live! Sunshine!! Season 2
Hong Kong,預告及製作花絮,Trailer: Love Song
Hong Kong,預告及製作花絮,Trailer: Love Storm
Hong Kong,預告及製作花絮,Trailer: Love Touch
Hong Kong,預告及製作花絮,Trailer: Love and 3.14159
Hong Kong,預告及製作花絮,Trailer: Love in the Moonlight
Hong Kong,預告及製作花絮,Trailer: Lovely Love Lie
Hong Kong,預告及製作花絮,Trailer: Luck Giver
Hong Kong,預告及製作花絮,Trailer: Lucky Romance
Hong Kong,預告及製作花絮,Trailer: Lunch Time
Hong Kong,預告及製作花絮,Trailer: Luxe Asia (HK)
Hong Kong,預告及製作花絮,Trailer: MAMA
Hong Kong,預告及製作花絮,Trailer: MBC Drama Awards (2017)
Hong Kong,預告及製作花絮,Trailer: MBC Drama Awards (2018)
Hong Kong,預告及製作花絮,Trailer: MBC Entertainment Awards (2017)
Hong Kong,預告及製作花絮,Trailer: MBC Entertainment Awards (2018)
Hong Kong,預告及製作花絮,Trailer: MBC Music Festival (2017)
Hong Kong,預告及製作花絮,Trailer: MBC Music Festival (2018)
Hong Kong,預告及製作花絮,Trailer: MPD:Animal Unit
Hong Kong,預告及製作花絮,Trailer: Mad Dog (HK)
Hong Kong,預告及製作花絮,Trailer: Madame Antoine
Hong Kong,預告及製作花絮,Trailer: Make me viral
Hong Kong,預告及製作花絮,Trailer: Mama Fairy and the Woodcutter (HK)
Hong Kong,預告及製作花絮,Trailer: Man Who Dies to Live
Hong Kong,預告及製作花絮,Trailer: Manhole
Hong Kong,預告及製作花絮,Trailer: March Comes in like a Lion
Hong Kong,預告及製作花絮,Trailer: Marriage contract
Hong Kong,預告及製作花絮,Trailer: Missing9
Hong Kong,預告及製作花絮,Trailer: Monstar
Hong Kong,預告及製作花絮,Trailer: Monster
Hong Kong,預告及製作花絮,Trailer: Moorim School
Hong Kong,預告及製作花絮,Trailer: My Absolute Boyfriend (HK)
Hong Kong,預告及製作花絮,Trailer: My Dear Boy
Hong Kong,預告及製作花絮,Trailer: My Dream Trip
Hong Kong,預告及製作花絮,Trailer: My Girl (HK)
Hong Kong,預告及製作花絮,Trailer: My Horrible Boss
Hong Kong,預告及製作花絮,"Trailer: My Husband, Mr. Oh! (HK)"
Hong Kong,預告及製作花絮,Trailer: My ID is Gangnam Beauty
Hong Kong,預告及製作花絮,"Trailer: My Lawyer, Mr. Jo"
Hong Kong,預告及製作花絮,Trailer: My Sassy Girl (HK)
Hong Kong,預告及製作花絮,Trailer: My Shy Boss
Hong Kong,預告及製作花絮,Trailer: My True Friend
Hong Kong,預告及製作花絮,Trailer: Mystery Rank Show 123 (HK)
Hong Kong,預告及製作花絮,Trailer: NANBAKA
Hong Kong,預告及製作花絮,Trailer: Naked Fireman
Hong Kong,預告及製作花絮,Trailer: National Husband (HK)
Hong Kong,預告及製作花絮,Trailer: Natsuko Kira
Hong Kong,預告及製作花絮,Trailer: Natsume's Book of Friends Five
Hong Kong,預告及製作花絮,Trailer: Natsume's Book of Friends Six
Hong Kong,預告及製作花絮,Trailer: Ohlala Couple
Hong Kong,預告及製作花絮,Trailer: On the Way to the Airport
Hong Kong,預告及製作花絮,Trailer: Only side by side with you
Hong Kong,預告及製作花絮,Trailer: Osakefufu
Hong Kong,預告及製作花絮,Trailer: Ossan’s Love
Hong Kong,預告及製作花絮,Trailer: Our Glamorous Time
Hong Kong,預告及製作花絮,Trailer: Overlord S3
Hong Kong,預告及製作花絮,Trailer: Overlord Season 2
Hong Kong,預告及製作花絮,Trailer: Owarimonogatari Seaon Two
Hong Kong,預告及製作花絮,Trailer: Padam Padam
Hong Kong,預告及製作花絮,Trailer: Partners for Justice 2
Hong Kong,預告及製作花絮,Trailer: Party Left
Hong Kong,預告及製作花絮,Trailer: Pied Piper
Hong Kong,預告及製作花絮,Trailer: Ping Pong Ball
Hong Kong,預告及製作花絮,Trailer: Police Tactical Unit (HK)
Hong Kong,預告及製作花絮,Trailer: Possessed
Hong Kong,預告及製作花絮,Trailer: Princess Agents
Hong Kong,預告及製作花絮,Trailer: Princess Hours Thailand
Hong Kong,預告及製作花絮,Trailer: Princess Jellyfish
Hong Kong,預告及製作花絮,Trailer: Promise of 1000 Days
Hong Kong,預告及製作花絮,Trailer: Pure Intention
Hong Kong,預告及製作花絮,Trailer: Queen (HK)
Hong Kong,預告及製作花絮,Trailer: Queen For Seven Days
Hong Kong,預告及製作花絮,Trailer: Queen of Mystery
Hong Kong,預告及製作花絮,Trailer: Queen of Mystery 2 (HK)
Hong Kong,預告及製作花絮,Trailer: Radiant Office
Hong Kong,預告及製作花絮,Trailer: Rain or Shine
Hong Kong,預告及製作花絮,Trailer: Real Men 300
Hong Kong,預告及製作花絮,Trailer: Relife
Hong Kong,預告及製作花絮,Trailer: Reply 1988
Hong Kong,預告及製作花絮,Trailer: Reply 1994
Hong Kong,預告及製作花絮,Trailer: Reply 1997
Hong Kong,預告及製作花絮,Trailer: Residential Complex
Hong Kong,預告及製作花絮,Trailer: Revenge Is Back
Hong Kong,預告及製作花絮,Trailer: Reverse
Hong Kong,預告及製作花絮,Trailer: Rewrite
Hong Kong,預告及製作花絮,Trailer: Rewrite (Viu Original)
Hong Kong,預告及製作花絮,Trailer: Rewrite SR2
Hong Kong,預告及製作花絮,Trailer: Rock Love Story
Hong Kong,預告及製作花絮,Trailer: Rommates
Hong Kong,預告及製作花絮,Trailer: Rude Miss Young Ae Season 16
Hong Kong,預告及製作花絮,Trailer: SIGN (2019 J-Drama)
Hong Kong,預告及製作花絮,Trailer: SSSS.gridman
Hong Kong,預告及製作花絮,"Trailer: Sachiko, Lost and Found"
Hong Kong,預告及製作花絮,Trailer: School 2017
Hong Kong,預告及製作花絮,Trailer: Secret Garden
Hong Kong,預告及製作花絮,Trailer: Secret and Lies
Hong Kong,預告及製作花絮,Trailer: Secretly and Greatly
Hong Kong,預告及製作花絮,Trailer: Seoul Fashion Week S/S19 Special
Hong Kong,預告及製作花絮,Trailer: Seven Ms. Prisoners
Hong Kong,預告及製作花絮,Trailer: Shadow of Justice
Hong Kong,預告及製作花絮,Trailer: Sherlock's room (2017)
Hong Kong,預告及製作花絮,Trailer: Shopaholic Louis
Hong Kong,預告及製作花絮,Trailer: Single Wife
Hong Kong,預告及製作花絮,Trailer: Sisters-in-law
Hong Kong,預告及製作花絮,Trailer: Sketch
Hong Kong,預告及製作花絮,Trailer: Sky Castle (HK)
Hong Kong,預告及製作花絮,Trailer: Slam Dunk
Hong Kong,預告及製作花絮,Trailer: Solomon's Perjury
Hong Kong,預告及製作花絮,Trailer: Song Ji Hyo's Beauty View (2017)
Hong Kong,預告及製作花絮,"Trailer: Sonngot, the Pierce"
Hong Kong,預告及製作花絮,Trailer: Stairway to Stardom
Hong Kong,預告及製作花絮,Trailer: Street Dance of China Season 2
Hong Kong,預告及製作花絮,Trailer: Strong Woman Do Bong Soon
Hong Kong,預告及製作花絮,Trailer: Suits (Korea)
Hong Kong,預告及製作花絮,Trailer: Sweet Family
Hong Kong,預告及製作花絮,Trailer: Sword Oratoria
Hong Kong,預告及製作花絮,Trailer: Teacher Oh Soon Nam
Hong Kong,預告及製作花絮,Trailer: Temperature of Love (HK)
Hong Kong,預告及製作花絮,Trailer: Temptation
Hong Kong,預告及製作花絮,Trailer: Tempted
Hong Kong,預告及製作花絮,Trailer: Terius Behind Me
Hong Kong,預告及製作花絮,Trailer: That Time I Got Reincarnated as a Slime
Hong Kong,預告及製作花絮,Trailer: The 100 Nomad (HK)
Hong Kong,預告及製作花絮,Trailer: The Amazing Magicians
Hong Kong,預告及製作花絮,Trailer: The Battle of Star
Hong Kong,預告及製作花絮,Trailer: The Bride of Habaek (HK)
Hong Kong,預告及製作花絮,Trailer: The Bridge (HK)
Hong Kong,預告及製作花絮,Trailer: The Case Files of Lord El-Melloi II
Hong Kong,預告及製作花絮,Trailer: The Crowned Clown (HK)
Hong Kong,預告及製作花絮,Trailer: The Emperor: Owner of the Mask
Hong Kong,預告及製作花絮,Trailer: The Evolution of our Love
Hong Kong,預告及製作花絮,Trailer: The Ex-man
Hong Kong,預告及製作花絮,Trailer: The Good Thieves
Hong Kong,預告及製作花絮,Trailer: The Guardian
Hong Kong,預告及製作花絮,Trailer: The Habitation
Hong Kong,預告及製作花絮,Trailer: The Lady in Dignity
Hong Kong,預告及製作花絮,Trailer: The Light in Your Eyes
Hong Kong,預告及製作花絮,Trailer: The Man From Future
Hong Kong,預告及製作花絮,Trailer: The Memory
Hong Kong,預告及製作花絮,Trailer: The Merchant Gaekju (2015)
Hong Kong,預告及製作花絮,Trailer: The Morose Mononokea
Hong Kong,預告及製作花絮,Trailer: The Morose Mononokean S2
Hong Kong,預告及製作花絮,Trailer: The Price of Smiles (HK)
Hong Kong,預告及製作花絮,Trailer: The Privileged
Hong Kong,預告及製作花絮,Trailer: The Rap of China 2019
Hong Kong,預告及製作花絮,Trailer: The Rebel
Hong Kong,預告及製作花絮,Trailer: The Royal Gambler
Hong Kong,預告及製作花絮,Trailer: The Secret Life of My Secretary (HK)
Hong Kong,預告及製作花絮,Trailer: The Single Teacher Miss Hayako
Hong Kong,預告及製作花絮,Trailer: The Spark
Hong Kong,預告及製作花絮,Trailer: The Starry Night The Starry Sea Season1
Hong Kong,預告及製作花絮,Trailer: The Starry Night The Starry Sea Season2
Hong Kong,預告及製作花絮,Trailer: The Third Charm
Hong Kong,預告及製作花絮,Trailer: The Town: The Uninvited
Hong Kong,預告及製作花絮,Trailer: The Wind Blows
Hong Kong,預告及製作花絮,Trailer: Theatre of Vengeance
Hong Kong,預告及製作花絮,Trailer: Thirty but Seventeen (HK)
Hong Kong,預告及製作花絮,Trailer: Time
Hong Kong,預告及製作花絮,Trailer: To My Beloved
Hong Kong,預告及製作花絮,Trailer: Tokyo Bachelors
Hong Kong,預告及製作花絮,Trailer: Trap
Hong Kong,預告及製作花絮,Trailer: Tsurezure Children
Hong Kong,預告及製作花絮,Trailer: Two Cops (HK)
Hong Kong,預告及製作花絮,Trailer: Uncontrollably Fond
Hong Kong,預告及製作花絮,Trailer: Under Nineteen (HK)
Hong Kong,預告及製作花絮,Trailer: Unexpected Q
Hong Kong,預告及製作花絮,Trailer: Unlucky day
Hong Kong,預告及製作花絮,Trailer: Untouchable
Hong Kong,預告及製作花絮,Trailer: Voice 3 (HK)
Hong Kong,預告及製作花絮,Trailer: W
Hong Kong,預告及製作花絮,Trailer: Waen Dok Mai
Hong Kong,預告及製作花絮,Trailer: Watcher
Hong Kong,預告及製作花絮,Trailer: We are in Love Season 3
Hong Kong,預告及製作花絮,Trailer: Weighligting fairy Kim Bok-Joo
Hong Kong,預告及製作花絮,Trailer: Welcome 2 Life (HK)
Hong Kong,預告及製作花絮,Trailer: Welcome to Waikiki
Hong Kong,預告及製作花絮,Trailer: Welcome to Waikiki 2
Hong Kong,預告及製作花絮,Trailer: What Did You Eat Yesterday?
Hong Kong,預告及製作花絮,Trailer: What and what cool summer
Hong Kong,預告及製作花絮,Trailer: What's Wrong Poong-sang
Hong Kong,預告及製作花絮,Trailer: Whisper
Hong Kong,預告及製作花絮,Trailer: Wild Romance
Hong Kong,預告及製作花絮,Trailer: Wizard of Nowhere (2017)
Hong Kong,預告及製作花絮,Trailer: Wok of Love
Hong Kong,預告及製作花絮,Trailer: Wolf
Hong Kong,預告及製作花絮,Trailer: YCTG (HK)
Hong Kong,預告及製作花絮,Trailer: You don't know Gunma yet
Hong Kong,預告及製作花絮,Trailer: You drive me crazy
Hong Kong,預告及製作花絮,Trailer: Your House Helper
Hong Kong,預告及製作花絮,Trailer: Yuuna and the Haunted Hot Springs
Hong Kong,預告及製作花絮,Trailer: a clinic on the sea
Hong Kong,預告及製作花絮,Trailer: euromaxx (HK)
Hong Kong,預告及製作花絮,Trailer: parnter of justice
Hong Kong,預告及製作花絮,Trailer: the secret message
Hong Kong,預告及製作花絮,Trailer: the supporting actors
Hong Kong,預告及製作花絮,Trailer:Alderamin on the Sky
Hong Kong,預告及製作花絮,Trailer:Gordon Ramsay's Cookery Course(HK)
Hong Kong,預告及製作花絮,Trailers
Hong Kong,預告及製作花絮,Tralier: Fated To Love You
Hong Kong,預告及製作花絮,Tralier: Fated To Love You(Thai)
Hong Kong,預告及製作花絮,Viu Premium Video
Hong Kong,預告及製作花絮,Wah Siu Promotional Video
Hong Kong,預告及製作花絮,membership tutorial
Hong Kong,預告及製作花絮,tutorial
