"area_name","group_series_name","sum"
Hong Kong,"100 Days My Prince",86358
Hong Kong,"100 Days My Prince SP",1721
Hong Kong,"12 Years Promise",6277
Hong Kong,"20-30 Dictionary",26258
Hong Kong,"2018 MBC Idol Star Athletics Championships",1770
Hong Kong,"24小時拯救餐廳大作戰",2004
Hong Kong,"40's Spring (2017)",24
Hong Kong,A Certain Scientific Accelerator,18455
Hong Kong,A Place Further Than The Universe,2827
Hong Kong,A Poem A Day,7169
Hong Kong,A-TEEN,36182
Hong Kong,AKB Love Night Love Factory,1128
Hong Kong,ARGON,1921
Hong Kong,About Time,39718
Hong Kong,Abyss,432553
Hong Kong,Academy of Detectives,15163
Hong Kong,Ace of Diamond actII,42886
Hong Kong,Ada’s Luxe Viu in Seoul,321
Hong Kong,Alderamin on the Sky,3121
Hong Kong,All For One,11738
Hong Kong,Ancient Magus Bride,22752
Hong Kong,Ancient Magus Bride OVA,2253
Hong Kong,Andante,2626
Hong Kong,Angel's Last Mission-Love,780989
Hong Kong,Ani-world,6695
Hong Kong,Another Miss Oh,17453
Hong Kong,Any lie can become Truth,7
Hong Kong,Asia Entertainment,4380
Hong Kong,At Eighteen,130890
Hong Kong,BFF Insider (Clean),99
Hong Kong,BOF Trailer,2
Hong Kong,BORDER Redemption (Cantonese),844
Hong Kong,BORDER The Urge (Cantonese),1586
Hong Kong,BORDER The Urge ~Medical Examiner Mika HIGA,1104
Hong Kong,Bad Papa,29104
Hong Kong,Baek Hee Has Returned,521
Hong Kong,Bakuon!!,585
Hong Kong,Be Melodramatic,10715
Hong Kong,Be Shine or Be Mad,3
Hong Kong,Beating Again,9289
Hong Kong,Beautiful World,84955
Hong Kong,Because This Is My First Life,43899
Hong Kong,Because this is my first life (Cantonese),24799
Hong Kong,Berserk SR2,1258
Hong Kong,Beyond Show,3224
Hong Kong,Black Clover,379939
Hong Kong,Black Knight - The Man Who Guards Me,34950
Hong Kong,Black Knight - The Man Who Guards Me (Cantonese),10779
Hong Kong,Black Leather Book,4571
Hong Kong,Black Leather Notebook (Cantonese),7120
Hong Kong,Blade of Demon Destruction,218540
Hong Kong,Border Redemption,1007
Hong Kong,Boy Hood,15485
Hong Kong,Brave “YOSHIHIKO” and the seven driven people,2150
Hong Kong,"Bring it on, Ghost",27976
Hong Kong,Bungo Stray Dogs 2,8961
Hong Kong,Bungo Stray Dogs 2 OVA,670
Hong Kong,CRISIS,8740
Hong Kong,Can we get married,4663
Hong Kong,Cecile’s Plot,1273
Hong Kong,Cheese in the Trap,684
Hong Kong,Cheese in the Trap (Cantonese),13
Hong Kong,Chef Celebrities Season 4,914
Hong Kong,Chess Tamashi,101923
Hong Kong,Chief Kim,12745
Hong Kong,Children of 20th Century,9275
Hong Kong,Children of Nobody,113786
Hong Kong,Chronos Ruler,3830
Hong Kong,Circle,3355
Hong Kong,Clean with Passion for Now (HK),662201
Hong Kong,Clean with Passion for Now (Overseas+HKEN),11227
Hong Kong,Close Your Eyes Before It's Dark,6718
Hong Kong,Code Geass,43290
Hong Kong,Code Geass R2,33643
Hong Kong,Colorful World,5040
Hong Kong,Come Back Alive,3193
Hong Kong,Come and Hug Me,42288
Hong Kong,Comes Morning,499
Hong Kong,Concrete Revolutio (Season 2),267
Hong Kong,Confidence Man JP,41462
Hong Kong,Confidence Man JP SP,16164
Hong Kong,Constellation Women Series -  Pisces Woman,477
Hong Kong,Constellation Women Series - Aquarius Woman,809
Hong Kong,Constellation Women Series - Aries Woman,277
Hong Kong,Constellation Women Series - Capricorn Woman,870
Hong Kong,Constellation Women Series - Leo Woman,646
Hong Kong,Crayon Shin Chan,32714
Hong Kong,Creaking Heroes (2018),159
Hong Kong,Crime Syndrome,3143
Hong Kong,Crime Syndrome Season 2,837
Hong Kong,Criminal Minds : Korea,21008
Hong Kong,Criminal Minds : Korea (Cantonese),25426
Hong Kong,Cross,11407
Hong Kong,Cross (Cantonese),4571
Hong Kong,Cyborg Mom,1936
Hong Kong,DARLING in the FRANXX,15145
Hong Kong,DELE,9889
Hong Kong,Daughter of Lupin,20640
Hong Kong,Dead Time Stories,1059
Hong Kong,Dead Time Stories 2,3306
Hong Kong,Death Note,36532
Hong Kong,Death Note OVA,2587
Hong Kong,Deep Rooted Tree,6488
Hong Kong,Delicious Destiny,16264
Hong Kong,Demi-Gods and Semi-Devils,2801
Hong Kong,Descendant of Sun,209255
Hong Kong,Descendant of Sun (Cantonese),66906
Hong Kong,Devil Angel (HK),19184
Hong Kong,Diamond Lover,22144
Hong Kong,Diamond Lover 2,37060
Hong Kong,Digimon Adventure tri.,19648
Hong Kong,Discovery of Love,30
Hong Kong,Divine Gate,144
Hong Kong,Doctor John,425026
Hong Kong,Doctor Prisoner,789991
Hong Kong,Doctors,44943
Hong Kong,Doubtful Victory,8226
Hong Kong,Dragon Ball Super,385603
Hong Kong,Drama Korean,1804
Hong Kong,Drinking Solo,10002
Hong Kong,Drinking Solo (Cantonese),15909
Hong Kong,Dunia (2018),1445
Hong Kong,Encounter (HK),1483177
Hong Kong,Endorsement collection,15481
Hong Kong,Endorsement: Shadow of Justice,550
Hong Kong,Entertainment Weekly (HK),91
Hong Kong,Erased,5
Hong Kong,Everyone's Getting Married,467
Hong Kong,Falsify,7384
Hong Kong,Fantastic,4734
Hong Kong,Fashion King,7530
Hong Kong,Fate series: The Case Files of Lord El-Melloi II,18086
Hong Kong,Fated to Love You,11481
Hong Kong,Fated to Love You (Cantonese),4634
Hong Kong,Feel Good to Die,44597
Hong Kong,Feel Good to Die Preview,12
Hong Kong,Flying Witch,1399
Hong Kong,Food Wars! Shokugeki no Soma,34469
Hong Kong,Food Wars! Shokugeki no Soma - The Third Plate,43160
Hong Kong,Food Wars!: Shokugeki no Soma – The Second Plate,17728
Hong Kong,For You,5596
Hong Kong,Forever Enemies,32662
Hong Kong,Fox Bride Star,112048
Hong Kong,Fruits Delivery Service,27079
Hong Kong,Fugitive Boys,2553
Hong Kong,Full House,7191
Hong Kong,Full Metal Panic! Invisible Victory,7289
Hong Kong,Fullmetal Alchemist,47150
Hong Kong,Fullmetal Alchemist Brotherhood,96298
Hong Kong,Game of Hunting,23791
Hong Kong,Gang Of Ghosts,4354
Hong Kong,Giver,2816
Hong Kong,Go Wardrobe,872
Hong Kong,Goblin,211052
Hong Kong,Goblin Slayer,47235
Hong Kong,Goblin Special,6478
Hong Kong,Good Doctor (JP),36502
Hong Kong,"Good-bye, Enari-kun",1280
Hong Kong,Goodbye Mr. Black,7343
Hong Kong,Goodbye Mr. Black (Cantonese),25072
Hong Kong,Gordon Ramsay's Ultimate Cookery Course S01,571
Hong Kong,Gu Family Secret,4515
Hong Kong,Gu Family Secret (Cantonese),13274
Hong Kong,HIStory3,8
Hong Kong,HK Promo : ztore,3421
Hong Kong,HK Promotion : Samsung TV,6603
Hong Kong,Haechi,283872
Hong Kong,Halustik (Viu Originals),338
Hong Kong,Harukana Receive,4477
Hong Kong,"Have you ever fallen in Love, Miss Jiang?",751
Hong Kong,He is Psychometric,508528
Hong Kong,He is Psychometric Special,7689
Hong Kong,Hello K-Idol,91
Hong Kong,Hello K-Idol ExclusiVlogs,10
Hong Kong,Hello K-Idol Special and Behind the Scenes,31
Hong Kong,Hello My Twenties!,4617
Hong Kong,Hello My Twenties! 2,4307
Hong Kong,Hide and Seek (MBC),30372
Hong Kong,Hoh Family,22710
Hong Kong,Hold Me Tight,3971
Hong Kong,Holmes of Kyoto,8115
Hong Kong,Horror Dimension (2015),5245
Hong Kong,Horror Dimension (2016),2274
Hong Kong,Horror Dimension (2017),3265
Hong Kong,Hospital Ship,40583
Hong Kong,Hospital Ship Special,459
Hong Kong,Hotel Del Luna,507285
Hong Kong,Hotel Del Luna (HK-sponsored version),605015
Hong Kong,How Not to Summon a Demon Lord,20282
Hong Kong,Hunter x Hunter,460081
Hong Kong,I Am Not a Robot,152061
Hong Kong,I Live Alone (2017),7822
Hong Kong,I Live Alone (2018),18684
Hong Kong,I Live Alone (2018) (Dual Sub Hong Kong),100
Hong Kong,I Live Alone (2019),23285
Hong Kong,I See You,3091
Hong Kong,I TURN,6126
Hong Kong,I Wanna Be The Protagonist,514
Hong Kong,"I am sorry, I love you",7980
Hong Kong,I live alone (2016),4671
Hong Kong,Idea Show,458
Hong Kong,If It's for My Daughter,25422
Hong Kong,Infinite Challenge (2016),6015
Hong Kong,Infinite Challenge (2017),4543
Hong Kong,Infinite Challenge (2018),4404
Hong Kong,Infinite Challenge’s Legends,533
Hong Kong,Initial D Fifth Stage,20320
Hong Kong,Initial D First Stage,38531
Hong Kong,Initial D Fourth Stage,31299
Hong Kong,Initial D Second Stage,15767
Hong Kong,Initial D Third Stage,3190
Hong Kong,Initial D final stage,9005
Hong Kong,Innocent Defendant,26595
Hong Kong,Innocent Defendant (Cantonese),22877
Hong Kong,Interviews with Monster Girls,1702
Hong Kong,Interviews: Shadow of Justice,474
Hong Kong,Iron Ladies,12505
Hong Kong,It's All About The Looks,2970
Hong Kong,It's Dangerous Beyond The Blankets (2017),1307
Hong Kong,It's Dangerous Beyond The Blankets (2018),4808
Hong Kong,Item,891762
Hong Kong,Item Special,7842
Hong Kong,Jamie's 15 minute meal,598
Hong Kong,JoJo's Bizarre Adventure (Season 1),36628
Hong Kong,JoJo's Bizarre Adventure (Season 2),65324
Hong Kong,JoJo's Bizarre Adventure (Season 3),49655
Hong Kong,Just Married (2016),6136
Hong Kong,Justice,124086
Hong Kong,K1 Entertainment News,3504
Hong Kong,K1 Exclusive (PH),27
Hong Kong,K1 endorsement,1331
Hong Kong,K1_Daily News,1090420
Hong Kong,K1_Dispatch Exclusive,35372
Hong Kong,K1_Features,154188
Hong Kong,K1_Features (Overseas),373
Hong Kong,KBS Drama Awards (2016),292
Hong Kong,KBS Entertainment Awards (2016),84
Hong Kong,KBS Song Festival (2016),115
Hong Kong,KEIJO!!!!!!!! Hip Whip Girl,4259
Hong Kong,KONOSUBA S1,14589
Hong Kong,KONOSUBA S2,11498
Hong Kong,KZL (Viu Originals),369
Hong Kong,Kaguya-sama: Love Is War,54838
Hong Kong,Kenapa Harus Bule (Viu Originals),204
Hong Kong,Kimi wa Pet,3221
Hong Kong,Kimi wa Pet (Cantonese),7890
Hong Kong,King Of Mask Singer (2017),2608
Hong Kong,King Of Mask Singer (2018),7107
Hong Kong,King of Mask Singer (2019),7362
Hong Kong,King of the Mask Singer (2016),3663
Hong Kong,King's game,7688
Hong Kong,"Kiss Him, Not Me",5580
Hong Kong,Kiss Me (Cantonese),7571
Hong Kong,Kiss The Series,2863
Hong Kong,Knock Out Girl (Viu Originals),18
Hong Kong,Kono Oto Tomare! Sounds of Life,28960
Hong Kong,Korea Guide,784
Hong Kong,Legal High,133932
Hong Kong,Legal V,47055
Hong Kong,Legend Of Fu Yao,347357
Hong Kong,Less than Evil,155075
Hong Kong,Let Me Introduce Her,22879
Hong Kong,Let's Eat! 3,20076
Hong Kong,Life Plan A and B,7224
Hong Kong,Life Plan A and B (Cantonese),2592
Hong Kong,Listen to Love,5534
Hong Kong,Love & Life & Lie,23699
Hong Kong,Love Academy,410
Hong Kong,Love Alert,85691
Hong Kong,Love And Lies,2183
Hong Kong,Love History of girl,166
Hong Kong,Love Like Flower,12429
Hong Kong,Love Live! Sunshine!!,2045
Hong Kong,Love Live! Sunshine!! Season 2,2177
Hong Kong,Love Storm,1678
Hong Kong,Love and 3.14159,20785
Hong Kong,Love at First Hate,13062
Hong Kong,Love in the Moonlight,85104
Hong Kong,Love in the Moonlight (Cantonese),21612
Hong Kong,Love in the Moonlight (Making of),702
Hong Kong,Love in the Moonlight Special,2457
Hong Kong,Lovey Dovey (Cantonese),1337
Hong Kong,Lunch Time (2018),980
Hong Kong,Luxe Asia,378
Hong Kong,MBC Drama Awards (2017),245
Hong Kong,MBC Drama Awards (2018),5356
Hong Kong,MBC Entertainment Awards (2017),86
Hong Kong,MBC Entertainment Awards (2018),2525
Hong Kong,MBC Music Festival (2017),261
Hong Kong,MBC Music Festival (2018),3952
Hong Kong,MPD NASHIGOREN SECTION,2375
Hong Kong,MPD:Animal Unit,2543
Hong Kong,Mad Dog,6451
Hong Kong,Madame Antoine,5453
Hong Kong,Make me Viral,442
Hong Kong,Making of: What's Wrong Poong-sang,11
Hong Kong,Making-of: Shadow of Justice,237
Hong Kong,Mama Fairy and the Woodcutter,105338
Hong Kong,Man Who Dies to Live,2337
Hong Kong,Man to Man,92022
Hong Kong,Manhole,2394
Hong Kong,March Comes in like a Lion,4532
Hong Kong,March Comes in like a Lion Season 2,3965
Hong Kong,March Comes in like a Lion Special,225
Hong Kong,Marginal#4,615
Hong Kong,"Marry Me, or Not?",15750
Hong Kong,"Marry Me, or Not? (Cantonese)",17642
Hong Kong,Mazinger Z,7868
Hong Kong,Missing9,7575
Hong Kong,Missing9 Special,239
Hong Kong,Misty,27382
Hong Kong,Misty (Cantonese),2437
Hong Kong,Misty (Trailer),106
Hong Kong,Money Flower,6342
Hong Kong,Moorim School,5496
Hong Kong,Mr. Osomatsu season1,3319
Hong Kong,Mr. Osomatsu season2,2340
Hong Kong,Ms. Hammurabi,31194
Hong Kong,My Absolute Boyfriend,571503
Hong Kong,My Dear Boy,30319
Hong Kong,My Dear Cat,13
Hong Kong,My Dream Trip (HK),1446
Hong Kong,My First Time,1450
Hong Kong,My Girl (Thai version),11859
Hong Kong,My Horrible Boss,2959
Hong Kong,"My Husband, Mr. Oh!",17502
Hong Kong,My ID is Gangnam Beauty,148670
Hong Kong,"My Lawyer, Mr. Joe",7913
Hong Kong,"My Lawyer, Mr. Joe (Cantonese)",13727
Hong Kong,My Little Television (2017),67
Hong Kong,My Sassy Girl,7219
Hong Kong,My Shy Boss,17519
Hong Kong,My Shy Boss (Cantonese),10466
Hong Kong,My Shy Boss: The Beginning,215
Hong Kong,My True Friend,259593
Hong Kong,My little television (2016),119
Hong Kong,Mystery Rank Show 123 (2017),70
Hong Kong,Mystery Rank Show 123 (2018),199
Hong Kong,NANBAKA,6535
Hong Kong,NANBAKA Season 2,3626
Hong Kong,Naked Fireman,1817
Hong Kong,National Husband (2018),2003
Hong Kong,National Husband (2019),2879
Hong Kong,Natsume's Book of Friends Five,5520
Hong Kong,Natsume's Book of Friends Five Special,1144
Hong Kong,Natsume's Book of Friends Six,6715
Hong Kong,New year greeting,4929
Hong Kong,Night Hero NAOTO,911
Hong Kong,No Sleep No FOMO (2019),71472
Hong Kong,No Sleep No FOMO Launch Party,124
Hong Kong,No Sleep No FOMO Launch Party (HK),1865
Hong Kong,Oh my Jump,2607
Hong Kong,Omniscient Interfering View (2018),10038
Hong Kong,Omniscient Interfering View (2019),7569
Hong Kong,Omniscient Interfering View Special (2018),149
Hong Kong,On the Border (2018),1269
Hong Kong,On the Way to the Airport,22143
Hong Kong,On the Way to the Airport (Cantonese),14659
Hong Kong,One Piece,615597
Hong Kong,Only side by side with you,36942
Hong Kong,Osakefufu,4348
Hong Kong,Ossan's Love SP,2443
Hong Kong,Ossan’s Love,16039
Hong Kong,Ossan’s Love (Cantonese),713
Hong Kong,OtokoMeshi,4304
Hong Kong,Our Glamorous Time,268355
Hong Kong,Overlord Season 2,17267
Hong Kong,Overlord Season 3,25291
Hong Kong,Owarimonogatari Seaon Two,463
Hong Kong,Padam Padam,7167
Hong Kong,Palace,92401
Hong Kong,Parting Left,6469
Hong Kong,Partners for Justice,229538
Hong Kong,Partners for Justice 2,722666
Hong Kong,Perfect Match 2017,4597
Hong Kong,Pied Piper,925
Hong Kong,Ping Pong Ball,1046
Hong Kong,Plus Nine Boys,2582
Hong Kong,Police Tactical Unit (Cantonese),1744214
Hong Kong,Police Tactical Unit (Mandarin),11268
Hong Kong,Possessed,254927
Hong Kong,Press Conference: Shadow of Justice,307
Hong Kong,Prince of Stride Alternative,65
Hong Kong,Princess Agents,135090
Hong Kong,Princess Hours (Cantonese),4540
Hong Kong,Princess Hours Thailand,12809
Hong Kong,Princess Jellyfish,3322
Hong Kong,Prisana Akat,1623
Hong Kong,Pure Intention,23884
Hong Kong,Queen,70905
Hong Kong,Queen for Seven Days,35511
Hong Kong,Queen for Seven Days (Cantonese),20068
Hong Kong,Queen of Mystery,34337
Hong Kong,Queen of Mystery (Cantonese),21065
Hong Kong,Queen of Mystery 2,52476
Hong Kong,Queen of Mystery 2 (Cantonese),3041
Hong Kong,Quiz from God - Reboot,108008
Hong Kong,Radiant Office,943
Hong Kong,Radio Star (2016),66
Hong Kong,Radio Star (2017),959
Hong Kong,Radio Star (2018),4059
Hong Kong,Radio Star (2019),7283
Hong Kong,Rain or Shine,58179
Hong Kong,Rascal Does Not Dream of Bunny Girl Senpai,23592
Hong Kong,ReLIFE,9470
Hong Kong,Real Men 2 (2016),3461
Hong Kong,Real Men 300 (2018),4782
Hong Kong,Real Men 300 (2019),4191
Hong Kong,Remember you,9339
Hong Kong,Reply 1997,11146
Hong Kong,Reset,2861
Hong Kong,Residential Complex,5552
Hong Kong,Restaurant to Another World,5994
Hong Kong,Retire to Queen,3692
Hong Kong,Return of Fortunate Bok,2722
Hong Kong,Revenge Is Back,520141
Hong Kong,Reverse,9943
Hong Kong,Rewrite,1012
Hong Kong,Rewrite (Viu Originals),1973
Hong Kong,Rewrite SR2,119
Hong Kong,Rock Love Story,4462
Hong Kong,Roommates (2017),1744
Hong Kong,Roommates (2018),1383
Hong Kong,Royal Sister Returns,21714
Hong Kong,Royal Tramp,7391
Hong Kong,Rude Miss Young Ae Season 15,211
Hong Kong,Rude Miss Young Ae Season 16,986
Hong Kong,Run with the Wind,45188
Hong Kong,SFW 2019 F/W,6363
Hong Kong,SIGN (2019 J-Drama),16609
Hong Kong,SSSS.GRIDMAN,12273
Hong Kong,"Sachiko, Lost and Found",13220
Hong Kong,Scholar Who Walks the Night,9512
Hong Kong,School (2015),29170
Hong Kong,School 2017,13398
Hong Kong,Secret Healer,13828
Hong Kong,Secret and Lies,40724
Hong Kong,Secretly and Greatly (2016),79
Hong Kong,Secretly and Greatly (2017),251
Hong Kong,Seoul Fashion Week S/S19 Special,4541
Hong Kong,Seoul Fashion Week S/S19 Special (Overseas),13
Hong Kong,Seven Ms. Prisoners,1370
Hong Kong,Seventeen,6094
Hong Kong,Shadow of Justice (Cantonese version),419486
Hong Kong,Shadow of Justice (Mandarin version),3968
Hong Kong,Shall We Kiss First?,15909
Hong Kong,Shanghai Fashion Week A/W 2019,1544
Hong Kong,Sherlock's Room (2017),389
Hong Kong,Shia Wa Se,2389
Hong Kong,Shinjuku Seven,5713
Hong Kong,Show! Music Core (2017),254
Hong Kong,Show! Music Core (2018),1353
Hong Kong,Show! Music Core (2019),2786
Hong Kong,Show! music core (2016),230
Hong Kong,Shuttle Love Millennium,13058
Hong Kong,Shuttle Love Millennium (Cantonese),5628
Hong Kong,Single Wife,1825
Hong Kong,Sisters-in-law,4900
Hong Kong,Sketch,45944
Hong Kong,Sky Castle,729601
Hong Kong,Sky Castle Special,8334
Hong Kong,Slacker's Food Diary,5079
Hong Kong,Slam Dunk,108154
Hong Kong,Slam Dunk (Cantonese),800251
Hong Kong,Slited mouthed woman 1,2412
Hong Kong,Slited mouthed woman 2,897
Hong Kong,Slited mouthed woman 3,815
Hong Kong,Solomon's Perjury,4458
Hong Kong,Song Ji Hyo's Beauty View (2017),920
Hong Kong,"Songgot, the Pierce",881
Hong Kong,Songs: Shadow of Justice,173
Hong Kong,Special: Uncontrollably Fond,443
Hong Kong,Stairway to Stardom,17474
Hong Kong,Star April,14667
Hong Kong,Star April (Cantonese),5002
Hong Kong,Street Dance of China Season 2,10557
Hong Kong,Strong Woman Do Bong Soon,90857
Hong Kong,Suits (Korea),60307
Hong Kong,Super Entourage,2483
Hong Kong,Switch (Viu Orignals),579
Hong Kong,Sword Oratoria,8928
Hong Kong,Sword Oratoria S2,31608
Hong Kong,Swordsman,23033
Hong Kong,TOPICREM,152
Hong Kong,TR: Rascal Does Not Dream of Bunny Girl Senpai,45
Hong Kong,Teacher Oh Soon Nam,4990
Hong Kong,Teaser: Creaking Heroes,7
Hong Kong,Temperature of Love,47483
Hong Kong,Temperature of Love (Cantonese),12780
Hong Kong,Tempted,24603
Hong Kong,Terius Behind Me,320059
Hong Kong,That Time I Got Reincarnated as a Slime,301159
Hong Kong,The 100 Nomad,886
Hong Kong,The Asterisk War(Season 2),1737
Hong Kong,The Battle of Stars,14992
Hong Kong,The Beauty Inside,188409
Hong Kong,The Bride of Habaek,37980
Hong Kong,The Bride of Habaek (Cantonese),12457
Hong Kong,The Bridge (Viu Original),16539
Hong Kong,The Case Files of Lord El-Melloi II,1577
Hong Kong,The Crowned Clown,278644
Hong Kong,The Crowned Clown Special,2704
Hong Kong,The Emperor: Owner of the Mask,21752
Hong Kong,The Evolution of Our Love,39728
Hong Kong,The Ex-man,29838
Hong Kong,The Flower in Prison,5012
Hong Kong,The Ghost Detective,34291
Hong Kong,The Good Thieves,3919
Hong Kong,The Guardian,2893
Hong Kong,The Habitation,3611
Hong Kong,The Heaven Sword and Dragon Saber,6436
Hong Kong,The Idle Mermaid,3232
Hong Kong,The Lady in Dignity,19033
Hong Kong,The Liar & His Lover,8813
Hong Kong,The Liar and His Lover (Cantonese),18229
Hong Kong,The Light in Your Eyes,16818
Hong Kong,The Light in Your Eyes (HK),390338
Hong Kong,The Man From Future,4545
Hong Kong,The Memory,3453
Hong Kong,The Merchant Gaekju (2015),2701
Hong Kong,The Morality,268
Hong Kong,The Morose Mononokea,11985
Hong Kong,The Morose Mononokean S2,45963
Hong Kong,The Price of Smiles (HK),21266
Hong Kong,The Prime Minister's Chef,5560
Hong Kong,The Public Enemy,2319
Hong Kong,The Publicist (Viu Originals),1272
Hong Kong,The Rap of China 2019,14704
Hong Kong,The Rebel,1132
Hong Kong,The Rebel Prelude,25
Hong Kong,The Return of the Condor Heroes,13702
Hong Kong,The Royal Gambler,10525
Hong Kong,The Scarlet Night,12661
Hong Kong,The Secret Life of My Secretary,617644
Hong Kong,The Starry Night The Starry Sea Season 2,25087
Hong Kong,The Starry Night The Starry Sea Season1,27942
Hong Kong,The Supporting Actors,990
Hong Kong,The Third Charm,40877
Hong Kong,The Three Musketeers S1,1604
Hong Kong,The Time of Peanut,232086
Hong Kong,The Virtuous Queen of Han,39756
Hong Kong,The War of Beauties,15707
Hong Kong,The Wind Blows,144351
Hong Kong,The amazing Magicians,981
Hong Kong,Theatre of Vengeance,14280
Hong Kong,Thirty but Seventeen,86200
Hong Kong,Thirty something,3426
Hong Kong,Three Colors of Fantasies,539
Hong Kong,Time,17621
Hong Kong,To my beloved,3996
Hong Kong,Tokyo Bachelors,34458
Hong Kong,Tokyo Sentimental,1180
Hong Kong,Tokyo Sentimental SP,461
Hong Kong,Tokyo Sentimental Special (Cantonese),166
Hong Kong,Toriko,23273
Hong Kong,Trailer : Shuttle Love Millennium,107
Hong Kong,Trailer ：100 Days My Prince,248
Hong Kong,Trailer ：Border redemption,40
Hong Kong,"Trailer ：Have you ever fallen in Love, Miss Jiang",12
Hong Kong,Trailer ：Ms. Hammurabi,128
Hong Kong,Trailer ：The Public Enemy,20
Hong Kong,Trailer ：the ghost detective,42
Hong Kong,Trailer:  No Sleep No FOMO (HK),4022
Hong Kong,Trailer:  No Sleep No FOMO (HKEN),316
Hong Kong,Trailer: 12 Years Promise,67
Hong Kong,Trailer: 20-30 Dictionary,84
Hong Kong,Trailer: 3 Colored Fantasy,91
Hong Kong,Trailer: A Place Further Than The Universe,17
Hong Kong,Trailer: A Poem A Day,49
Hong Kong,Trailer: A-TEEN,90
Hong Kong,Trailer: ARGON (HK),58
Hong Kong,Trailer: About Time,643
Hong Kong,Trailer: Abyss (HK),5457
Hong Kong,Trailer: Ada’s Luxe Viu in Seoul,4
Hong Kong,Trailer: All For One,352
Hong Kong,Trailer: Ancient Magus Bride,11
Hong Kong,Trailer: Ancient Magus Bride OVA,83
Hong Kong,Trailer: Andante,27
Hong Kong,Trailer: Angel's Last Mission - Love,35
Hong Kong,Trailer: Angel's Last Mission-Love (HK),3985
Hong Kong,Trailer: Angel's Last Mission-Love (PH),15
Hong Kong,Trailer: Another Miss Oh,168
Hong Kong,Trailer: At Eighteen (HK),2055
Hong Kong,Trailer: At Eighteen (PH),30
Hong Kong,Trailer: Bad Papa,93
Hong Kong,Trailer: Bad Papa (PH),10
Hong Kong,Trailer: Baek Hee Has Returned,19
Hong Kong,Trailer: Be Melodramatic (HK),700
Hong Kong,Trailer: Beating Again,60
Hong Kong,Trailer: Beautiful World (HK),584
Hong Kong,Trailer: Beauty Inside,447
Hong Kong,Trailer: Beauty Inside (PH),16
Hong Kong,Trailer: Because This is My First Life (PH),16
Hong Kong,Trailer: Because this is my first life,406
Hong Kong,Trailer: Berserk SR2,5
Hong Kong,Trailer: Black Knight (PH),27
Hong Kong,Trailer: Black Knight - The Man Who Guards Me,216
Hong Kong,Trailer: Black Leather Book,39
Hong Kong,Trailer: Blade of Demon Destruction,734
Hong Kong,Trailer: Border the urge,28
Hong Kong,Trailer: Boy Hood,61
Hong Kong,"Trailer: Bring it on, Ghost (HK)",347
Hong Kong,Trailer: Bungo Stray Dogs 2,17
Hong Kong,Trailer: CRISIS - Special Security Squad,109
Hong Kong,Trailer: Can we get married,155
Hong Kong,Trailer: Cecile’s Plot,15
Hong Kong,Trailer: Cheese in the Trap,1
Hong Kong,Trailer: Children of 20th Century,85
Hong Kong,Trailer: Children of Nobody (HK),224
Hong Kong,Trailer: Circle,400
Hong Kong,Trailer: Clean with Passion for Now (HK),1756
Hong Kong,Trailer: Clean with Passion for Now (PH),91
Hong Kong,Trailer: Colorful World,30
Hong Kong,Trailer: Come Back Alive,7
Hong Kong,Trailer: Come and Hug Me,112
Hong Kong,Trailer: Comes Morning,10
Hong Kong,Trailer: Confidence Man JP,248
Hong Kong,Trailer: Crime Syndrome,9
Hong Kong,Trailer: Criminal Minds : Korea (HK),212
Hong Kong,Trailer: Cross (HK),63
Hong Kong,Trailer: DARLING in the FRANXX,51
Hong Kong,Trailer: DELE,36
Hong Kong,Trailer: Daughter of Lupin,427
Hong Kong,Trailer: Dead Time Stories 2,18
Hong Kong,Trailer: Death Note,18
Hong Kong,Trailer: Deep Rooted Tree,17
Hong Kong,Trailer: Delicious Destiny,32
Hong Kong,Trailer: Descendant of Sun,1116
Hong Kong,Trailer: Descendants of the Sun (PH),63
Hong Kong,Trailer: Devil Angel,73
Hong Kong,Trailer: Digimon Adventure tri.,100
Hong Kong,Trailer: Doctor John (HK),3360
Hong Kong,Trailer: Doctor John (PH),2
Hong Kong,Trailer: Doctors,133
Hong Kong,Trailer: Doctors (PH),56
Hong Kong,Trailer: Dr. Prisoner,5394
Hong Kong,Trailer: Drinking Solo,51
Hong Kong,Trailer: Dunia,63
Hong Kong,Trailer: Encounter (HK),29461
Hong Kong,Trailer: Encounter (PH),267
Hong Kong,Trailer: Everyone's Getting Married,1
Hong Kong,Trailer: Falsify (HK),98
Hong Kong,Trailer: Fantastic,55
Hong Kong,Trailer: Fashion King,23
Hong Kong,Trailer: Feel Good to Die,108
Hong Kong,Trailer: Feel Good to Die (PH),7
Hong Kong,Trailer: Food Wars!  - The Third Plate,135
Hong Kong,Trailer: Food Wars! The Second Plate,72
Hong Kong,Trailer: For you,33
Hong Kong,Trailer: Forever Enemies,56
Hong Kong,Trailer: Fox Bride Star,488
Hong Kong,Trailer: Fox Bride Star (PH),60
Hong Kong,Trailer: Fruits Delivery Service,204
Hong Kong,Trailer: Fullmetal Alchemist Brotherhood,66
Hong Kong,Trailer: Game of Hunting,127
Hong Kong,Trailer: Gang Of Ghosts,39
Hong Kong,Trailer: Giver,13
Hong Kong,Trailer: Goblin,1993
Hong Kong,Trailer: Goblin Slayer,54
Hong Kong,Trailer: Good Doctor,235
Hong Kong,Trailer: Good Manager,98
Hong Kong,Trailer: Goodbye Mr. Black,15
Hong Kong,Trailer: Gordon Ramsay's 24 Hours Hell & Back (HK),6
Hong Kong,Trailer: Gu Family Secret,9
Hong Kong,Trailer: Haechi,4315
Hong Kong,Trailer: Haechi (PH),48
Hong Kong,Trailer: Harukana Receive,9
Hong Kong,Trailer: He is Psychometric (HK),1595
Hong Kong,Trailer: He is Psychometric (PH),8
Hong Kong,Trailer: Hello My Twenties!,24
Hong Kong,Trailer: Hello My Twenties! 2,21
Hong Kong,Trailer: Hide and Seek (PH),23
Hong Kong,Trailer: Hide and seek,35
Hong Kong,Trailer: Hoh Family 4 Freaks 4Fam (HK),333
Hong Kong,Trailer: Hold Me Tight,14
Hong Kong,Trailer: Holmes of Kyoto,8
Hong Kong,Trailer: Horror Dimension (2017),10
Hong Kong,Trailer: Hospital Ship (HK),202
Hong Kong,Trailer: Hospital Ship (PH),15
Hong Kong,Trailer: Hotel Del Luna (HK),34070
Hong Kong,Trailer: Hotel Del Luna (PH),181
Hong Kong,Trailer: How Not to Summon a Demon Lord,18
Hong Kong,Trailer: I Am Not a Robot,561
Hong Kong,Trailer: I Am Not a Robot (PH),41
Hong Kong,Trailer: I TURN,163
Hong Kong,Trailer: I see you,13
Hong Kong,Trailer: If It's for My Daughter,204
Hong Kong,Trailer: Innocent Defendant,214
Hong Kong,Trailer: Interviews with Monster Girls,13
Hong Kong,Trailer: It's Dangerous Beyond The Blankets,49
Hong Kong,Trailer: Item (HK),2655
Hong Kong,Trailer: Item (PH),41
Hong Kong,Trailer: It’s All About the Looks,46
Hong Kong,Trailer: Jamie's 15 Minute Meals (HK),3
Hong Kong,Trailer: Justice,1772
Hong Kong,Trailer: Justice (PH),11
Hong Kong,Trailer: KBS Drama Awards 2016,7
Hong Kong,Trailer: KBS Entertainment Awards 2016,2
Hong Kong,Trailer: KBS Music Festival 2016,4
Hong Kong,Trailer: KEIJO!!!!!!!! Hip Whip Girl,8
Hong Kong,Trailer: KONOSUBA S1,47
Hong Kong,Trailer: Kaguya-sama: Love Is War,387
Hong Kong,"Trailer: Kiss Him, Not Me",4
Hong Kong,Trailer: Legal High (PH),23
Hong Kong,Trailer: Legal High(HK),513
Hong Kong,Trailer: Legal V,153
Hong Kong,Trailer: Legend Of Fu Yao,1981
Hong Kong,Trailer: Less than Evil (HK),230
Hong Kong,Trailer: Let Me Introduce Her,60
Hong Kong,Trailer: Let's Eat S3,264
Hong Kong,Trailer: Life Plan A and B,38
Hong Kong,Trailer: Listen to Love,60
Hong Kong,Trailer: Love Alert,89
Hong Kong,Trailer: Love History of girl,6
Hong Kong,Trailer: Love Like Flower,35
Hong Kong,Trailer: Love Live! Sunshine!!,5
Hong Kong,Trailer: Love Live! Sunshine!! Season 2,24
Hong Kong,Trailer: Love Storm,23
Hong Kong,Trailer: Love and 3.14159,138
Hong Kong,Trailer: Love in the Moonlight,1032
Hong Kong,Trailer: Love in the Moonlight (PH),39
Hong Kong,Trailer: Lovely Love Lie,69
Hong Kong,Trailer: Luxe Asia (HK),36
Hong Kong,Trailer: MBC Drama Awards (2017),30
Hong Kong,Trailer: MBC Drama Awards (2018),105
Hong Kong,Trailer: MBC Entertainment Awards (2017),5
Hong Kong,Trailer: MBC Entertainment Awards (2018),30
Hong Kong,Trailer: MBC Music Festival (2017),19
Hong Kong,Trailer: MBC Music Festival (2018),86
Hong Kong,Trailer: MPD:Animal Unit,14
Hong Kong,Trailer: Mad Dog (HK),32
Hong Kong,Trailer: Madame Antoine,34
Hong Kong,Trailer: Make me viral,5
Hong Kong,Trailer: Mama Fairy and the Woodcutter (HK),323
Hong Kong,Trailer: Manhole,56
Hong Kong,Trailer: Manhole - Feel So Good (PH),12
Hong Kong,Trailer: March Comes in like a Lion,9
Hong Kong,Trailer: Miss Hammurabi (PH),35
Hong Kong,Trailer: Missing9,29
Hong Kong,Trailer: Moorim School,1
Hong Kong,Trailer: My Absolute Boyfriend (HK),1941
Hong Kong,Trailer: My Absolute Boyfriend (PH),39
Hong Kong,Trailer: My Dear Boy,123
Hong Kong,Trailer: My Dream Trip,118
Hong Kong,Trailer: My Girl (HK),41
Hong Kong,Trailer: My Horrible Boss,25
Hong Kong,"Trailer: My Husband, Mr. Oh! (HK)",165
Hong Kong,Trailer: My ID is Gangnam Beauty,784
Hong Kong,"Trailer: My Lawyer, Mr. Jo",57
Hong Kong,Trailer: My Sassy Girl (HK),85
Hong Kong,Trailer: My Shy Boss,394
Hong Kong,Trailer: My True Friend,907
Hong Kong,Trailer: My True Friend (SGEN),18
Hong Kong,Trailer: Mystery Rank Show 123 (HK),1
Hong Kong,Trailer: NANBAKA,9
Hong Kong,Trailer: Naked Fireman,70
Hong Kong,Trailer: National Husband (HK),53
Hong Kong,Trailer: Natsume's Book of Friends Five,14
Hong Kong,Trailer: Natsume's Book of Friends Six,8
Hong Kong,Trailer: No Sleep No FOMO (SGEN),9
Hong Kong,Trailer: On the Way to the Airport,196
Hong Kong,Trailer: Only side by side with you,152
Hong Kong,Trailer: Osakefufu,5
Hong Kong,Trailer: Ossan’s Love,294
Hong Kong,Trailer: Our Glamorous Time,397
Hong Kong,Trailer: Overlord S3,25
Hong Kong,Trailer: Overlord Season 2,35
Hong Kong,Trailer: Owarimonogatari Seaon Two,3
Hong Kong,Trailer: Padam Padam,127
Hong Kong,Trailer: Partners for Justice 2,1474
Hong Kong,Trailer: Party Left,183
Hong Kong,Trailer: Pied Piper,31
Hong Kong,Trailer: Ping Pong Ball,35
Hong Kong,Trailer: Police Tactical Unit (HK),25166
Hong Kong,Trailer: Police Tactical Unit (SGEN),14
Hong Kong,Trailer: Possessed,2985
Hong Kong,Trailer: Princess Agents,320
Hong Kong,Trailer: Princess Hours Thailand,57
Hong Kong,Trailer: Princess Jellyfish,34
Hong Kong,Trailer: Pure Intention,54
Hong Kong,Trailer: Queen (HK),187
Hong Kong,Trailer: Queen For Seven Days,281
Hong Kong,Trailer: Queen of Mystery,71
Hong Kong,Trailer: Queen of Mystery 2 (HK),212
Hong Kong,Trailer: Radiant Office,9
Hong Kong,Trailer: Rain or Shine,277
Hong Kong,Trailer: Real Men 300,94
Hong Kong,Trailer: Relife,31
Hong Kong,Trailer: Residential Complex,49
Hong Kong,Trailer: Revenge Is Back,1348
Hong Kong,Trailer: Reverse,9
Hong Kong,Trailer: Rewrite,5
Hong Kong,Trailer: Rewrite (Viu Original),33
Hong Kong,Trailer: Rock Love Story,24
Hong Kong,Trailer: Rommates,6
Hong Kong,Trailer: Rude Miss Young Ae Season 16,51
Hong Kong,Trailer: SIGN (2019 J-Drama),280
Hong Kong,Trailer: SSSS.gridman,15
Hong Kong,"Trailer: Sachiko, Lost and Found",31
Hong Kong,Trailer: School 2017,96
Hong Kong,Trailer: Secret and Lies,111
Hong Kong,Trailer: Secretly and Greatly,2
Hong Kong,Trailer: Seoul Fashion Week (SG+TH),1
Hong Kong,Trailer: Seoul Fashion Week S/S19 Special,26
Hong Kong,Trailer: Seven Ms. Prisoners,11
Hong Kong,Trailer: Shadow of Justice,135
Hong Kong,Trailer: Sherlock's room (2017),9
Hong Kong,Trailer: Single Wife,26
Hong Kong,Trailer: Sisters-in-law,22
Hong Kong,Trailer: Sketch,144
Hong Kong,Trailer: Sky Castle (HK),1791
Hong Kong,Trailer: Slam Dunk,67
Hong Kong,Trailer: Solomon's Perjury,30
Hong Kong,Trailer: Song Ji Hyo's Beauty View (2017),46
Hong Kong,"Trailer: Sonngot, the Pierce",5
Hong Kong,Trailer: Stairway to Stardom,47
Hong Kong,Trailer: Stranger from Hell (PH),4
Hong Kong,Trailer: Street Dance of China Season 2,285
Hong Kong,Trailer: Strong Woman Do Bong Soon,435
Hong Kong,Trailer: Strong Woman Do Bong Soon (PH),29
Hong Kong,Trailer: Suits (Korea),422
Hong Kong,Trailer: Sword Oratoria,57
Hong Kong,Trailer: Teacher Oh Soon Nam,322
Hong Kong,Trailer: Temperature of Love (HK),290
Hong Kong,Trailer: Temperature of Love (PH),11
Hong Kong,Trailer: Tempted,93
Hong Kong,Trailer: Terius Behind Me,1258
Hong Kong,Trailer: Terius Behind Me (PH),46
Hong Kong,Trailer: That Time I Got Reincarnated as a Slime,547
Hong Kong,Trailer: The 100 Nomad (HK),23
Hong Kong,Trailer: The Amazing Magicians,5
Hong Kong,Trailer: The Battle of Star,78
Hong Kong,Trailer: The Bride of Habaek (HK),403
Hong Kong,Trailer: The Bride of Habaek (PH),49
Hong Kong,Trailer: The Bridge (HK),122
Hong Kong,Trailer: The Case Files of Lord El-Melloi II,70
Hong Kong,Trailer: The Crowned Clown (HK),6075
Hong Kong,Trailer: The Emperor: Owner of the Mask,335
Hong Kong,Trailer: The Evolution of our Love,129
Hong Kong,Trailer: The Ex-man,335
Hong Kong,Trailer: The Good Thieves,53
Hong Kong,Trailer: The Guardian,51
Hong Kong,Trailer: The Habitation,9
Hong Kong,Trailer: The Lady in Dignity,45
Hong Kong,Trailer: The Light in Your Eyes,10080
Hong Kong,Trailer: The Light in Your Eyes (SGEN),24
Hong Kong,Trailer: The Man From Future,41
Hong Kong,Trailer: The Memory,21
Hong Kong,Trailer: The Merchant Gaekju (2015),4
Hong Kong,Trailer: The Morose Mononokea,13
Hong Kong,Trailer: The Morose Mononokean S2,471
Hong Kong,Trailer: The Price of Smiles (HK),247
Hong Kong,Trailer: The Rap of China 2019,559
Hong Kong,Trailer: The Rebel,8
Hong Kong,Trailer: The Royal Gambler,38
Hong Kong,Trailer: The Secret Life (SGEN),65
Hong Kong,Trailer: The Secret Life of My Secretary (HK),1938
Hong Kong,Trailer: The Secret Life of My Secretary (PH),20
Hong Kong,Trailer: The Starry Night The Starry Sea Season1,159
Hong Kong,Trailer: The Starry Night The Starry Sea Season2,150
Hong Kong,Trailer: The Third Charm,163
Hong Kong,Trailer: The Wind Blows,1637
Hong Kong,Trailer: Theatre of Vengeance,75
Hong Kong,Trailer: Thirty but Seventeen (HK),652
Hong Kong,Trailer: Thirty but Seventeen (PH),50
Hong Kong,Trailer: Time,49
Hong Kong,Trailer: To My Beloved,47
Hong Kong,Trailer: Tokyo Bachelors,202
Hong Kong,Trailer: Trap,4112
Hong Kong,Trailer: Trap (PH),27
Hong Kong,Trailer: Tsurezure Children,6
Hong Kong,Trailer: Two Cops (HK),114
Hong Kong,Trailer: Two Cops (PH),30
Hong Kong,Trailer: Uncontrollably Fond,285
Hong Kong,Trailer: Under Nineteen (HK),86
Hong Kong,Trailer: Unexpected Q,9
Hong Kong,Trailer: Unlucky day,8
Hong Kong,Trailer: Untouchable,352
Hong Kong,Trailer: Voice 3 (HK),1501
Hong Kong,Trailer: Waen Dok Mai,20
Hong Kong,Trailer: Watcher,506
Hong Kong,Trailer: We are in Love Season 3,35
Hong Kong,Trailer: Weighligting fairy Kim Bok-Joo,393
Hong Kong,Trailer: Welcome 2 Life (HK),195
Hong Kong,Trailer: Welcome to Waikiki,129
Hong Kong,Trailer: Welcome to Waikiki (PH),31
Hong Kong,Trailer: Welcome to Waikiki 2,2386
Hong Kong,Trailer: Welcome to Waikiki 2 (PH),8
Hong Kong,Trailer: What Did You Eat Yesterday?,507
Hong Kong,Trailer: What and what cool summer,141
Hong Kong,Trailer: What's Wrong Poong-sang,1227
Hong Kong,Trailer: Whisper,139
Hong Kong,Trailer: Wild Romance,5
Hong Kong,Trailer: Wizard of Nowhere (2017),3
Hong Kong,Trailer: Wok of Love,104
Hong Kong,Trailer: Wok of Love (PH),21
Hong Kong,Trailer: Wolf,507
Hong Kong,Trailer: YCTG (HK),178
Hong Kong,Trailer: You don't know Gunma yet,4
Hong Kong,Trailer: You drive me crazy,92
Hong Kong,Trailer: Your House Helper,71
Hong Kong,Trailer: euromaxx (HK),34
Hong Kong,Trailer: euromaxx (HK_ENG),1
Hong Kong,Trailer: parnter of justice,340
Hong Kong,Trailer: the secret message,10
Hong Kong,Trailer:Alderamin on the Sky,2
Hong Kong,Trailer:Gordon Ramsay's 24 Hours Hell & Back(ENG),1
Hong Kong,Trailer:Gordon Ramsay's Cookery Course(HK),8
Hong Kong,Tralier: Fated To Love You(Thai),111
Hong Kong,Trap,110110
Hong Kong,Trap Special,4700
Hong Kong,Travelzoo: Australia,1728
Hong Kong,Tsurezure Children,4525
Hong Kong,Two Cops,25111
Hong Kong,Uncontrollably Fond,40259
Hong Kong,Uncontrollably Fond (Cantonese),40314
Hong Kong,Under Nineteen,5558
Hong Kong,Under Nineteen (2019),7994
Hong Kong,Unexpected Q,1440
Hong Kong,Unlucky day,1130
Hong Kong,Untouchable,28825
Hong Kong,Ushio and Tora(Season 3),2084
Hong Kong,Virgins! Back to High School,1927
Hong Kong,Viu Beauty,137304
Hong Kong,Viu Beauty (SG+TH),827
Hong Kong,Viu Fashion,32225
Hong Kong,Viu Fashion (SG+TH),31
Hong Kong,Viu Food,117315
Hong Kong,Viu Food (SG+TH),1114
Hong Kong,Viu Shorts (Viu Original),36
Hong Kong,Vlogger: Angela,1506
Hong Kong,Vlogger: Bithia Lam,2200
Hong Kong,Vlogger: Cherry Lam,3235
Hong Kong,Vlogger: hana tam,1064
Hong Kong,Vlogger: kayan,3954
Hong Kong,Vlogger: paul gor,5338
Hong Kong,Voice 3,324397
Hong Kong,Waen Dok Mai,7635
Hong Kong,Watcher,103280
Hong Kong,We Got Married (2017),2003
Hong Kong,We are in Love Season 3,2876
Hong Kong,Weightlifting Fairy Kim Bok Joo,54574
Hong Kong,Welcome 2 Life,63354
Hong Kong,Welcome to Waikiki,44725
Hong Kong,Welcome to Waikiki 2,117848
Hong Kong,Welcome to Waikiki Special,522
Hong Kong,What Did You Eat Yesterday?,92992
Hong Kong,What and what cool summer,24414
Hong Kong,"What's Wrong, Poongsang?",113876
Hong Kong,Whisper,15228
Hong Kong,Whisper (Cantonese),12510
Hong Kong,Wild Romance,5982
Hong Kong,"Winter, Grasping Love",2787
Hong Kong,Wise and Foolish,911
Hong Kong,Wizard of Nowhere (2017),751
Hong Kong,Wizard of Nowhere (2018),766
Hong Kong,Wok of Love,37196
Hong Kong,Wok the World (2018),2308
Hong Kong,Wolf,7455
Hong Kong,YCTG (HK),13759
Hong Kong,You Drive Me Crazy,6516
Hong Kong,You don't know Gunma yet,1333
Hong Kong,Your House Helper,31214
Hong Kong,Yuuna and the Haunted Hot Springs,6677
Hong Kong,euromaxx,339
Hong Kong,kiss me,11627
Hong Kong,lovey dovey,2881
Hong Kong,missing korea,1107
Hong Kong,the secret message,2352
Hong Kong,top star: yoo-baek,117693
Hong Kong,深度遊日,8814
